"Region","AgeStart","AgeEnd","p_code","a_code","Ri"
"Afghanistan",0,14,4,"AFG",6
"Albania",0,14,8,"ALB",0
"Algeria",0,14,12,"DZA",1
"Angola",0,14,24,"AGO",0
"Azerbaijan",0,14,31,"AZE",0
"Argentina",0,14,32,"ARG",0
"Australia",0,14,36,"AUS",0
"Austria",0,14,40,"AUT",0
"Bahamas",0,14,44,"BHS",0
"Bahrain",0,14,48,"BHR",0
"Bangladesh",0,14,50,"BGD",3
"Armenia",0,14,51,"ARM",0
"Barbados",0,14,52,"BRB",0
"Belgium",0,14,56,"BEL",0
"Bhutan",0,14,64,"BTN",0
"Bolivia (Plurinational State of)",0,14,68,"BOL",0
"Bosnia Herzegovina",0,14,70,"BIH",0
"Botswana",0,14,72,"BWA",0
"Brazil",0,14,76,"BRA",19
"Belize",0,14,84,"BLZ",0
"Solomon Islands",0,14,90,"SLB",0
"Brunei Darussalam",0,14,96,"BRN",0
"Bulgaria",0,14,100,"BGR",0
"Myanmar",0,14,104,"MMR",0
"Burundi",0,14,108,"BDI",1
"Belarus",0,14,112,"BLR",0
"Cambodia",0,14,116,"KHM",0
"Cameroon",0,14,120,"CMR",1
"Canada",0,14,124,"CAN",0
"Cape Verde",0,14,132,"CPV",0
"Central African Republic",0,14,140,"CAF",1
"Sri Lanka",0,14,144,"LKA",0
"Chad",0,14,148,"TCD",0
"Chile",0,14,152,"CHL",0
"China",0,14,156,"CHN",35
"Colombia",0,14,170,"COL",0
"Comoros",0,14,174,"COM",0
"Congo, Republic of",0,14,178,"COG",0
"Congo, Democratic Republic of",0,14,180,"COD",5
"Costa Rica",0,14,188,"CRI",0
"Croatia",0,14,191,"HRV",0
"Cuba",0,14,192,"CUB",0
"Cyprus",0,14,196,"CYP",0
"Czechia",0,14,203,"CZE",0
"Benin",0,14,204,"BEN",0
"Denmark",0,14,208,"DNK",0
"Dominican Republic",0,14,214,"DOM",0
"Ecuador",0,14,218,"ECU",1
"El Salvador",0,14,222,"SLV",0
"Equatorial Guinea",0,14,226,"GNQ",0
"Ethiopia",0,14,231,"ETH",14
"Eritrea",0,14,232,"ERI",1
"Estonia",0,14,233,"EST",0
"Fiji",0,14,242,"FJI",0
"Finland",0,14,246,"FIN",0
"France (metropolitan)",0,14,250,"FRA",0
"French Guyana",0,14,254,"GUF",0
"French Polynesia",0,14,258,"PYF",0
"Djibouti",0,14,262,"DJI",0
"Gabon",0,14,266,"GAB",0
"Georgia",0,14,268,"GEO",0
"The Republic of the Gambia",0,14,270,"GMB",0
"Gaza Strip and West Bank",0,14,275,"PSE",0
"Germany",0,14,276,"DEU",0
"Ghana",0,14,288,"GHA",0
"Greece",0,14,300,"GRC",0
"France, Guadeloupe",0,14,312,"GLP",0
"Guam",0,14,316,"GUM",0
"Guatemala",0,14,320,"GTM",0
"Guinea",0,14,324,"GIN",3
"Guyana",0,14,328,"GUY",0
"Haiti",0,14,332,"HTI",0
"Honduras",0,14,340,"HND",0
"Hungary",0,14,348,"HUN",0
"Iceland",0,14,352,"ISL",0
"India",0,14,356,"IND",16
"Indonesia",0,14,360,"IDN",0
"Iran, Islamic Republic of",0,14,364,"IRN",0
"Iraq",0,14,368,"IRQ",0
"Ireland",0,14,372,"IRL",0
"Israel",0,14,376,"ISR",0
"Italy",0,14,380,"ITA",0
"Côte d'Ivoire",0,14,384,"CIV",0
"Jamaica",0,14,388,"JAM",0
"Japan",0,14,392,"JPN",0
"Kazakhstan",0,14,398,"KAZ",0
"Jordan",0,14,400,"JOR",0
"Kenya",0,14,404,"KEN",0
"Korea, Democratic People Republic of",0,14,408,"PRK",0
"Korea, Republic of",0,14,410,"KOR",0
"Kuwait",0,14,414,"KWT",0
"Kyrgyzstan",0,14,417,"KGZ",0
"Lao People's Democratic Republic",0,14,418,"LAO",0
"Lebanon",0,14,422,"LBN",0
"Lesotho",0,14,426,"LSO",0
"Latvia",0,14,428,"LVA",0
"Liberia",0,14,430,"LBR",0
"Libya",0,14,434,"LBY",0
"Lithuania",0,14,440,"LTU",0
"Luxembourg",0,14,442,"LUX",0
"Madagascar",0,14,450,"MDG",0
"Malawi",0,14,454,"MWI",0
"Malaysia",0,14,458,"MYS",0
"Maldives",0,14,462,"MDV",0
"Mali",0,14,466,"MLI",1
"Malta",0,14,470,"MLT",0
"France, Martinique",0,14,474,"MTQ",0
"Mauritania",0,14,478,"MRT",0
"Mauritius",0,14,480,"MUS",0
"Mexico",0,14,484,"MEX",0
"Mongolia",0,14,496,"MNG",0
"Republic of Moldova",0,14,498,"MDA",0
"Montenegro",0,14,499,"MNE",0
"Morocco",0,14,504,"MAR",0
"Mozambique",0,14,508,"MOZ",0
"Oman",0,14,512,"OMN",0
"Namibia",0,14,516,"NAM",0
"Nepal",0,14,524,"NPL",1
"The Netherlands",0,14,528,"NLD",0
"New Caledonia",0,14,540,"NCL",0
"Vanuatu",0,14,548,"VUT",0
"New Zealand",0,14,554,"NZL",0
"Nicaragua",0,14,558,"NIC",0
"Niger",0,14,562,"NER",0
"Nigeria",0,14,566,"NGA",0
"Norway",0,14,578,"NOR",0
"Pakistan",0,14,586,"PAK",13
"Panama",0,14,591,"PAN",0
"Papua New Guinea",0,14,598,"PNG",0
"Paraguay",0,14,600,"PRY",0
"Peru",0,14,604,"PER",0
"Philippines",0,14,608,"PHL",6
"Poland",0,14,616,"POL",0
"Portugal",0,14,620,"PRT",0
"Guinea-Bissau",0,14,624,"GNB",0
"Timor-Leste",0,14,626,"TLS",0
"Puerto Rico",0,14,630,"PRI",0
"Qatar",0,14,634,"QAT",0
"France, La Réunion",0,14,638,"REU",0
"Romania",0,14,642,"ROU",0
"Russian Federation",0,14,643,"RUS",0
"Rwanda",0,14,646,"RWA",0
"Saint Lucia",0,14,662,"LCA",0
"Sao Tome and Principe",0,14,678,"STP",0
"Saudi Arabia",0,14,682,"SAU",0
"Senegal",0,14,686,"SEN",1
"Serbia",0,14,688,"SRB",0
"Sierra Leone",0,14,694,"SLE",0
"Singapore",0,14,702,"SGP",0
"Slovakia",0,14,703,"SVK",0
"Viet Nam",0,14,704,"VNM",3
"Slovenia",0,14,705,"SVN",0
"Somalia",0,14,706,"SOM",2
"South Africa",0,14,710,"ZAF",2
"Zimbabwe",0,14,716,"ZWE",1
"Spain",0,14,724,"ESP",0
"South Sudan",0,14,728,"SSD",1
"Sudan",0,14,729,"SDN",16
"Suriname",0,14,740,"SUR",0
"Eswatini",0,14,748,"SWZ",0
"Sweden",0,14,752,"SWE",0
"Switzerland",0,14,756,"CHE",0
"Syrian Arab Republic",0,14,760,"SYR",1
"Tajikistan",0,14,762,"TJK",4
"Thailand",0,14,764,"THA",3
"Togo",0,14,768,"TGO",0
"Trinidad and Tobago",0,14,780,"TTO",0
"United Arab Emirates",0,14,784,"ARE",0
"Tunisia",0,14,788,"TUN",0
"Türkiye",0,14,792,"TUR",0
"Turkmenistan",0,14,795,"TKM",1
"Uganda",0,14,800,"UGA",0
"Ukraine",0,14,804,"UKR",0
"North Macedonia",0,14,807,"MKD",0
"Egypt",0,14,818,"EGY",3
"United Kingdom",0,14,826,"GBR",0
"Tanzania, United Republic of",0,14,834,"TZA",0
"United States of America",0,14,840,"USA",2
"Burkina Faso",0,14,854,"BFA",0
"Uruguay",0,14,858,"URY",0
"Uzbekistan",0,14,860,"UZB",1
"Venezuela",0,14,862,"VEN",0
"Samoa",0,14,882,"WSM",0
"Yemen",0,14,887,"YEM",0
"Zambia",0,14,894,"ZMB",0
"Total",0,14,NA,"",169
"Afghanistan",15,19,4,"AFG",13
"Albania",15,19,8,"ALB",0
"Algeria",15,19,12,"DZA",5
"Angola",15,19,24,"AGO",6
"Argentina",15,19,32,"ARG",3
"Armenia",15,19,51,"ARM",0
"Australia",15,19,36,"AUS",2
"Austria",15,19,40,"AUT",0
"Azerbaijan",15,19,31,"AZE",0
"Bahamas",15,19,44,"BHS",0
"Bahrain",15,19,48,"BHR",0
"Bangladesh",15,19,50,"BGD",8
"Barbados",15,19,52,"BRB",0
"Belarus",15,19,112,"BLR",0
"Belgium",15,19,56,"BEL",0
"Belize",15,19,84,"BLZ",0
"Benin",15,19,204,"BEN",0
"Bhutan",15,19,64,"BTN",0
"Bolivia (Plurinational State of)",15,19,68,"BOL",0
"Bosnia Herzegovina",15,19,70,"BIH",0
"Botswana",15,19,72,"BWA",0
"Brazil",15,19,76,"BRA",16
"Brunei Darussalam",15,19,96,"BRN",0
"Bulgaria",15,19,100,"BGR",0
"Burkina Faso",15,19,854,"BFA",0
"Burundi",15,19,108,"BDI",0
"Cambodia",15,19,116,"KHM",0
"Cameroon",15,19,120,"CMR",1
"Canada",15,19,124,"CAN",3
"Cape Verde",15,19,132,"CPV",0
"Central African Republic",15,19,140,"CAF",3
"Chad",15,19,148,"TCD",0
"Chile",15,19,152,"CHL",0
"China",15,19,156,"CHN",68
"Colombia",15,19,170,"COL",8
"Comoros",15,19,174,"COM",0
"Congo, Democratic Republic of",15,19,180,"COD",19
"Congo, Republic of",15,19,178,"COG",0
"Costa Rica",15,19,188,"CRI",0
"Côte d'Ivoire",15,19,384,"CIV",0
"Croatia",15,19,191,"HRV",0
"Cuba",15,19,192,"CUB",0
"Cyprus",15,19,196,"CYP",0
"Czechia",15,19,203,"CZE",0
"Denmark",15,19,208,"DNK",0
"Djibouti",15,19,262,"DJI",0
"Dominican Republic",15,19,214,"DOM",1
"Ecuador",15,19,218,"ECU",2
"Egypt",15,19,818,"EGY",13
"El Salvador",15,19,222,"SLV",0
"Equatorial Guinea",15,19,226,"GNQ",0
"Eritrea",15,19,232,"ERI",3
"Estonia",15,19,233,"EST",0
"Eswatini",15,19,748,"SWZ",0
"Ethiopia",15,19,231,"ETH",0
"Fiji",15,19,242,"FJI",0
"Finland",15,19,246,"FIN",0
"France (metropolitan)",15,19,250,"FRA",3
"France, Guadeloupe",15,19,312,"GLP",0
"France, La Réunion",15,19,638,"REU",0
"France, Martinique",15,19,474,"MTQ",0
"French Guyana",15,19,254,"GUF",0
"French Polynesia",15,19,258,"PYF",0
"Gabon",15,19,266,"GAB",0
"Gaza Strip and West Bank",15,19,275,"PSE",0
"Georgia",15,19,268,"GEO",0
"Germany",15,19,276,"DEU",2
"Ghana",15,19,288,"GHA",0
"Greece",15,19,300,"GRC",0
"Guam",15,19,316,"GUM",0
"Guatemala",15,19,320,"GTM",0
"Guinea",15,19,324,"GIN",1
"Guinea-Bissau",15,19,624,"GNB",0
"Guyana",15,19,328,"GUY",0
"Haiti",15,19,332,"HTI",1
"Honduras",15,19,340,"HND",2
"Hungary",15,19,348,"HUN",0
"Iceland",15,19,352,"ISL",0
"India",15,19,356,"IND",99
"Indonesia",15,19,360,"IDN",26
"Iran, Islamic Republic of",15,19,364,"IRN",7
"Iraq",15,19,368,"IRQ",0
"Ireland",15,19,372,"IRL",0
"Israel",15,19,376,"ISR",1
"Italy",15,19,380,"ITA",2
"Jamaica",15,19,388,"JAM",1
"Japan",15,19,392,"JPN",0
"Jordan",15,19,400,"JOR",0
"Kazakhstan",15,19,398,"KAZ",0
"Kenya",15,19,404,"KEN",3
"Korea, Democratic People Republic of",15,19,408,"PRK",1
"Korea, Republic of",15,19,410,"KOR",1
"Kuwait",15,19,414,"KWT",0
"Kyrgyzstan",15,19,417,"KGZ",0
"Lao People's Democratic Republic",15,19,418,"LAO",0
"Latvia",15,19,428,"LVA",0
"Lebanon",15,19,422,"LBN",0
"Lesotho",15,19,426,"LSO",0
"Liberia",15,19,430,"LBR",0
"Libya",15,19,434,"LBY",1
"Lithuania",15,19,440,"LTU",0
"Luxembourg",15,19,442,"LUX",0
"Madagascar",15,19,450,"MDG",0
"Malawi",15,19,454,"MWI",0
"Malaysia",15,19,458,"MYS",5
"Maldives",15,19,462,"MDV",0
"Mali",15,19,466,"MLI",2
"Malta",15,19,470,"MLT",0
"Mauritania",15,19,478,"MRT",0
"Mauritius",15,19,480,"MUS",0
"Mexico",15,19,484,"MEX",9
"Mongolia",15,19,496,"MNG",0
"Montenegro",15,19,499,"MNE",0
"Morocco",15,19,504,"MAR",1
"Mozambique",15,19,508,"MOZ",0
"Myanmar",15,19,104,"MMR",2
"Namibia",15,19,516,"NAM",0
"Nepal",15,19,524,"NPL",8
"New Caledonia",15,19,540,"NCL",0
"New Zealand",15,19,554,"NZL",0
"Nicaragua",15,19,558,"NIC",1
"Niger",15,19,562,"NER",5
"Nigeria",15,19,566,"NGA",0
"North Macedonia",15,19,807,"MKD",0
"Norway",15,19,578,"NOR",0
"Oman",15,19,512,"OMN",0
"Pakistan",15,19,586,"PAK",68
"Panama",15,19,591,"PAN",0
"Papua New Guinea",15,19,598,"PNG",0
"Paraguay",15,19,600,"PRY",0
"Peru",15,19,604,"PER",2
"Philippines",15,19,608,"PHL",18
"Poland",15,19,616,"POL",0
"Portugal",15,19,620,"PRT",0
"Puerto Rico",15,19,630,"PRI",0
"Qatar",15,19,634,"QAT",0
"Republic of Moldova",15,19,498,"MDA",0
"Romania",15,19,642,"ROU",0
"Russian Federation",15,19,643,"RUS",3
"Rwanda",15,19,646,"RWA",0
"Saint Lucia",15,19,662,"LCA",0
"Samoa",15,19,882,"WSM",0
"Sao Tome and Principe",15,19,678,"STP",0
"Saudi Arabia",15,19,682,"SAU",2
"Senegal",15,19,686,"SEN",1
"Serbia",15,19,688,"SRB",0
"Sierra Leone",15,19,694,"SLE",0
"Singapore",15,19,702,"SGP",0
"Slovakia",15,19,703,"SVK",0
"Slovenia",15,19,705,"SVN",0
"Solomon Islands",15,19,90,"SLB",0
"Somalia",15,19,706,"SOM",0
"South Africa",15,19,710,"ZAF",6
"South Sudan",15,19,728,"SSD",2
"Spain",15,19,724,"ESP",2
"Sri Lanka",15,19,144,"LKA",0
"Sudan",15,19,729,"SDN",49
"Suriname",15,19,740,"SUR",0
"Sweden",15,19,752,"SWE",0
"Switzerland",15,19,756,"CHE",0
"Syrian Arab Republic",15,19,760,"SYR",1
"Tajikistan",15,19,762,"TJK",4
"Tanzania, United Republic of",15,19,834,"TZA",0
"Thailand",15,19,764,"THA",5
"The Netherlands",15,19,528,"NLD",0
"The Republic of the Gambia",15,19,270,"GMB",0
"Timor-Leste",15,19,626,"TLS",0
"Togo",15,19,768,"TGO",0
"Total",15,19,NA,"",562
"Trinidad and Tobago",15,19,780,"TTO",0
"Tunisia",15,19,788,"TUN",0
"Türkiye",15,19,792,"TUR",1
"Turkmenistan",15,19,795,"TKM",2
"Uganda",15,19,800,"UGA",0
"Ukraine",15,19,804,"UKR",0
"United Arab Emirates",15,19,784,"ARE",0
"United Kingdom",15,19,826,"GBR",2
"United States of America",15,19,840,"USA",18
"Uruguay",15,19,858,"URY",0
"Uzbekistan",15,19,860,"UZB",2
"Vanuatu",15,19,548,"VUT",0
"Venezuela",15,19,862,"VEN",6
"Viet Nam",15,19,704,"VNM",8
"Yemen",15,19,887,"YEM",0
"Zambia",15,19,894,"ZMB",1
"Zimbabwe",15,19,716,"ZWE",1
"Afghanistan",20,24,4,"AFG",18
"Albania",20,24,8,"ALB",1
"Algeria",20,24,12,"DZA",12
"Angola",20,24,24,"AGO",11
"Argentina",20,24,32,"ARG",7
"Armenia",20,24,51,"ARM",0
"Australia",20,24,36,"AUS",6
"Austria",20,24,40,"AUT",0
"Azerbaijan",20,24,31,"AZE",2
"Bahamas",20,24,44,"BHS",0
"Bahrain",20,24,48,"BHR",0
"Bangladesh",20,24,50,"BGD",92
"Barbados",20,24,52,"BRB",0
"Belarus",20,24,112,"BLR",1
"Belgium",20,24,56,"BEL",2
"Belize",20,24,84,"BLZ",0
"Benin",20,24,204,"BEN",2
"Bhutan",20,24,64,"BTN",0
"Bolivia (Plurinational State of)",20,24,68,"BOL",0
"Bosnia Herzegovina",20,24,70,"BIH",1
"Botswana",20,24,72,"BWA",0
"Brazil",20,24,76,"BRA",70
"Brunei Darussalam",20,24,96,"BRN",0
"Bulgaria",20,24,100,"BGR",0
"Burkina Faso",20,24,854,"BFA",0
"Burundi",20,24,108,"BDI",1
"Cambodia",20,24,116,"KHM",0
"Cameroon",20,24,120,"CMR",10
"Canada",20,24,124,"CAN",10
"Cape Verde",20,24,132,"CPV",0
"Central African Republic",20,24,140,"CAF",5
"Chad",20,24,148,"TCD",0
"Chile",20,24,152,"CHL",3
"China",20,24,156,"CHN",178
"Colombia",20,24,170,"COL",13
"Comoros",20,24,174,"COM",0
"Congo, Democratic Republic of",20,24,180,"COD",32
"Congo, Republic of",20,24,178,"COG",2
"Costa Rica",20,24,188,"CRI",2
"Côte d'Ivoire",20,24,384,"CIV",2
"Croatia",20,24,191,"HRV",1
"Cuba",20,24,192,"CUB",0
"Cyprus",20,24,196,"CYP",0
"Czechia",20,24,203,"CZE",0
"Denmark",20,24,208,"DNK",1
"Djibouti",20,24,262,"DJI",1
"Dominican Republic",20,24,214,"DOM",1
"Ecuador",20,24,218,"ECU",3
"Egypt",20,24,818,"EGY",36
"El Salvador",20,24,222,"SLV",1
"Equatorial Guinea",20,24,226,"GNQ",1
"Eritrea",20,24,232,"ERI",2
"Estonia",20,24,233,"EST",0
"Eswatini",20,24,748,"SWZ",0
"Ethiopia",20,24,231,"ETH",116
"Fiji",20,24,242,"FJI",0
"Finland",20,24,246,"FIN",1
"France (metropolitan)",20,24,250,"FRA",5
"France, Guadeloupe",20,24,312,"GLP",0
"France, La Réunion",20,24,638,"REU",0
"France, Martinique",20,24,474,"MTQ",0
"French Guyana",20,24,254,"GUF",0
"French Polynesia",20,24,258,"PYF",0
"Gabon",20,24,266,"GAB",1
"Gaza Strip and West Bank",20,24,275,"PSE",1
"Georgia",20,24,268,"GEO",0
"Germany",20,24,276,"DEU",13
"Ghana",20,24,288,"GHA",7
"Greece",20,24,300,"GRC",0
"Guam",20,24,316,"GUM",0
"Guatemala",20,24,320,"GTM",0
"Guinea",20,24,324,"GIN",1
"Guinea-Bissau",20,24,624,"GNB",0
"Guyana",20,24,328,"GUY",0
"Haiti",20,24,332,"HTI",3
"Honduras",20,24,340,"HND",2
"Hungary",20,24,348,"HUN",1
"Iceland",20,24,352,"ISL",0
"India",20,24,356,"IND",353
"Indonesia",20,24,360,"IDN",41
"Iran, Islamic Republic of",20,24,364,"IRN",8
"Iraq",20,24,368,"IRQ",20
"Ireland",20,24,372,"IRL",0
"Israel",20,24,376,"ISR",2
"Italy",20,24,380,"ITA",6
"Jamaica",20,24,388,"JAM",2
"Japan",20,24,392,"JPN",10
"Jordan",20,24,400,"JOR",2
"Kazakhstan",20,24,398,"KAZ",2
"Kenya",20,24,404,"KEN",10
"Korea, Democratic People Republic of",20,24,408,"PRK",4
"Korea, Republic of",20,24,410,"KOR",18
"Kuwait",20,24,414,"KWT",0
"Kyrgyzstan",20,24,417,"KGZ",0
"Lao People's Democratic Republic",20,24,418,"LAO",0
"Latvia",20,24,428,"LVA",0
"Lebanon",20,24,422,"LBN",0
"Lesotho",20,24,426,"LSO",0
"Liberia",20,24,430,"LBR",0
"Libya",20,24,434,"LBY",1
"Lithuania",20,24,440,"LTU",0
"Luxembourg",20,24,442,"LUX",0
"Madagascar",20,24,450,"MDG",6
"Malawi",20,24,454,"MWI",5
"Malaysia",20,24,458,"MYS",17
"Maldives",20,24,462,"MDV",0
"Mali",20,24,466,"MLI",14
"Malta",20,24,470,"MLT",0
"Mauritania",20,24,478,"MRT",2
"Mauritius",20,24,480,"MUS",0
"Mexico",20,24,484,"MEX",20
"Mongolia",20,24,496,"MNG",0
"Montenegro",20,24,499,"MNE",0
"Morocco",20,24,504,"MAR",14
"Mozambique",20,24,508,"MOZ",8
"Myanmar",20,24,104,"MMR",34
"Namibia",20,24,516,"NAM",0
"Nepal",20,24,524,"NPL",15
"New Caledonia",20,24,540,"NCL",0
"New Zealand",20,24,554,"NZL",1
"Nicaragua",20,24,558,"NIC",1
"Niger",20,24,562,"NER",17
"Nigeria",20,24,566,"NGA",13
"North Macedonia",20,24,807,"MKD",0
"Norway",20,24,578,"NOR",1
"Oman",20,24,512,"OMN",1
"Pakistan",20,24,586,"PAK",145
"Panama",20,24,591,"PAN",2
"Papua New Guinea",20,24,598,"PNG",0
"Paraguay",20,24,600,"PRY",1
"Peru",20,24,604,"PER",6
"Philippines",20,24,608,"PHL",98
"Poland",20,24,616,"POL",7
"Portugal",20,24,620,"PRT",1
"Puerto Rico",20,24,630,"PRI",0
"Qatar",20,24,634,"QAT",0
"Republic of Moldova",20,24,498,"MDA",0
"Romania",20,24,642,"ROU",2
"Russian Federation",20,24,643,"RUS",17
"Rwanda",20,24,646,"RWA",3
"Saint Lucia",20,24,662,"LCA",0
"Samoa",20,24,882,"WSM",0
"Sao Tome and Principe",20,24,678,"STP",0
"Saudi Arabia",20,24,682,"SAU",6
"Senegal",20,24,686,"SEN",6
"Serbia",20,24,688,"SRB",0
"Sierra Leone",20,24,694,"SLE",0
"Singapore",20,24,702,"SGP",1
"Slovakia",20,24,703,"SVK",1
"Slovenia",20,24,705,"SVN",0
"Solomon Islands",20,24,90,"SLB",0
"Somalia",20,24,706,"SOM",9
"South Africa",20,24,710,"ZAF",16
"South Sudan",20,24,728,"SSD",6
"Spain",20,24,724,"ESP",5
"Sri Lanka",20,24,144,"LKA",1
"Sudan",20,24,729,"SDN",54
"Suriname",20,24,740,"SUR",0
"Sweden",20,24,752,"SWE",1
"Switzerland",20,24,756,"CHE",1
"Syrian Arab Republic",20,24,760,"SYR",2
"Tajikistan",20,24,762,"TJK",4
"Tanzania, United Republic of",20,24,834,"TZA",16
"Thailand",20,24,764,"THA",16
"The Netherlands",20,24,528,"NLD",2
"The Republic of the Gambia",20,24,270,"GMB",0
"Timor-Leste",20,24,626,"TLS",0
"Togo",20,24,768,"TGO",1
"Total",20,24,NA,"",1923
"Trinidad and Tobago",20,24,780,"TTO",1
"Tunisia",20,24,788,"TUN",3
"Türkiye",20,24,792,"TUR",17
"Turkmenistan",20,24,795,"TKM",2
"Uganda",20,24,800,"UGA",2
"Ukraine",20,24,804,"UKR",4
"United Arab Emirates",20,24,784,"ARE",0
"United Kingdom",20,24,826,"GBR",11
"United States of America",20,24,840,"USA",82
"Uruguay",20,24,858,"URY",0
"Uzbekistan",20,24,860,"UZB",7
"Vanuatu",20,24,548,"VUT",0
"Venezuela",20,24,862,"VEN",6
"Viet Nam",20,24,704,"VNM",21
"Yemen",20,24,887,"YEM",0
"Zambia",20,24,894,"ZMB",6
"Zimbabwe",20,24,716,"ZWE",2
"Afghanistan",25,29,4,"AFG",19
"Albania",25,29,8,"ALB",2
"Algeria",25,29,12,"DZA",39
"Angola",25,29,24,"AGO",11
"Argentina",25,29,32,"ARG",35
"Armenia",25,29,51,"ARM",0
"Australia",25,29,36,"AUS",24
"Austria",25,29,40,"AUT",2
"Azerbaijan",25,29,31,"AZE",3
"Bahamas",25,29,44,"BHS",0
"Bahrain",25,29,48,"BHR",0
"Bangladesh",25,29,50,"BGD",122
"Barbados",25,29,52,"BRB",0
"Belarus",25,29,112,"BLR",3
"Belgium",25,29,56,"BEL",5
"Belize",25,29,84,"BLZ",0
"Benin",25,29,204,"BEN",6
"Bhutan",25,29,64,"BTN",0
"Bolivia (Plurinational State of)",25,29,68,"BOL",1
"Bosnia Herzegovina",25,29,70,"BIH",2
"Botswana",25,29,72,"BWA",1
"Brazil",25,29,76,"BRA",136
"Brunei Darussalam",25,29,96,"BRN",0
"Bulgaria",25,29,100,"BGR",2
"Burkina Faso",25,29,854,"BFA",18
"Burundi",25,29,108,"BDI",4
"Cambodia",25,29,116,"KHM",5
"Cameroon",25,29,120,"CMR",11
"Canada",25,29,124,"CAN",16
"Cape Verde",25,29,132,"CPV",0
"Central African Republic",25,29,140,"CAF",3
"Chad",25,29,148,"TCD",0
"Chile",25,29,152,"CHL",10
"China",25,29,156,"CHN",590
"Colombia",25,29,170,"COL",30
"Comoros",25,29,174,"COM",0
"Congo, Democratic Republic of",25,29,180,"COD",53
"Congo, Republic of",25,29,178,"COG",3
"Costa Rica",25,29,188,"CRI",2
"Côte d'Ivoire",25,29,384,"CIV",9
"Croatia",25,29,191,"HRV",2
"Cuba",25,29,192,"CUB",6
"Cyprus",25,29,196,"CYP",0
"Czechia",25,29,203,"CZE",4
"Denmark",25,29,208,"DNK",3
"Djibouti",25,29,262,"DJI",2
"Dominican Republic",25,29,214,"DOM",2
"Ecuador",25,29,218,"ECU",7
"Egypt",25,29,818,"EGY",74
"El Salvador",25,29,222,"SLV",3
"Equatorial Guinea",25,29,226,"GNQ",0
"Eritrea",25,29,232,"ERI",3
"Estonia",25,29,233,"EST",0
"Eswatini",25,29,748,"SWZ",0
"Ethiopia",25,29,231,"ETH",141
"Fiji",25,29,242,"FJI",0
"Finland",25,29,246,"FIN",1
"France (metropolitan)",25,29,250,"FRA",26
"France, Guadeloupe",25,29,312,"GLP",0
"France, La Réunion",25,29,638,"REU",0
"France, Martinique",25,29,474,"MTQ",0
"French Guyana",25,29,254,"GUF",0
"French Polynesia",25,29,258,"PYF",0
"Gabon",25,29,266,"GAB",0
"Gaza Strip and West Bank",25,29,275,"PSE",5
"Georgia",25,29,268,"GEO",1
"Germany",25,29,276,"DEU",23
"Ghana",25,29,288,"GHA",25
"Greece",25,29,300,"GRC",0
"Guam",25,29,316,"GUM",0
"Guatemala",25,29,320,"GTM",1
"Guinea",25,29,324,"GIN",6
"Guinea-Bissau",25,29,624,"GNB",0
"Guyana",25,29,328,"GUY",0
"Haiti",25,29,332,"HTI",2
"Honduras",25,29,340,"HND",2
"Hungary",25,29,348,"HUN",4
"Iceland",25,29,352,"ISL",0
"India",25,29,356,"IND",682
"Indonesia",25,29,360,"IDN",204
"Iran, Islamic Republic of",25,29,364,"IRN",36
"Iraq",25,29,368,"IRQ",26
"Ireland",25,29,372,"IRL",2
"Israel",25,29,376,"ISR",1
"Italy",25,29,380,"ITA",13
"Jamaica",25,29,388,"JAM",3
"Japan",25,29,392,"JPN",136
"Jordan",25,29,400,"JOR",3
"Kazakhstan",25,29,398,"KAZ",5
"Kenya",25,29,404,"KEN",15
"Korea, Democratic People Republic of",25,29,408,"PRK",27
"Korea, Republic of",25,29,410,"KOR",26
"Kuwait",25,29,414,"KWT",1
"Kyrgyzstan",25,29,417,"KGZ",3
"Lao People's Democratic Republic",25,29,418,"LAO",7
"Latvia",25,29,428,"LVA",0
"Lebanon",25,29,422,"LBN",3
"Lesotho",25,29,426,"LSO",1
"Liberia",25,29,430,"LBR",2
"Libya",25,29,434,"LBY",4
"Lithuania",25,29,440,"LTU",0
"Luxembourg",25,29,442,"LUX",0
"Madagascar",25,29,450,"MDG",10
"Malawi",25,29,454,"MWI",14
"Malaysia",25,29,458,"MYS",31
"Maldives",25,29,462,"MDV",1
"Mali",25,29,466,"MLI",24
"Malta",25,29,470,"MLT",0
"Mauritania",25,29,478,"MRT",2
"Mauritius",25,29,480,"MUS",0
"Mexico",25,29,484,"MEX",43
"Mongolia",25,29,496,"MNG",1
"Montenegro",25,29,499,"MNE",0
"Morocco",25,29,504,"MAR",28
"Mozambique",25,29,508,"MOZ",11
"Myanmar",25,29,104,"MMR",55
"Namibia",25,29,516,"NAM",1
"Nepal",25,29,524,"NPL",12
"New Caledonia",25,29,540,"NCL",0
"New Zealand",25,29,554,"NZL",6
"Nicaragua",25,29,558,"NIC",3
"Niger",25,29,562,"NER",19
"Nigeria",25,29,566,"NGA",28
"North Macedonia",25,29,807,"MKD",0
"Norway",25,29,578,"NOR",1
"Oman",25,29,512,"OMN",2
"Pakistan",25,29,586,"PAK",177
"Panama",25,29,591,"PAN",2
"Papua New Guinea",25,29,598,"PNG",0
"Paraguay",25,29,600,"PRY",1
"Peru",25,29,604,"PER",7
"Philippines",25,29,608,"PHL",77
"Poland",25,29,616,"POL",11
"Portugal",25,29,620,"PRT",2
"Puerto Rico",25,29,630,"PRI",1
"Qatar",25,29,634,"QAT",1
"Republic of Moldova",25,29,498,"MDA",2
"Romania",25,29,642,"ROU",14
"Russian Federation",25,29,643,"RUS",47
"Rwanda",25,29,646,"RWA",6
"Saint Lucia",25,29,662,"LCA",0
"Samoa",25,29,882,"WSM",0
"Sao Tome and Principe",25,29,678,"STP",0
"Saudi Arabia",25,29,682,"SAU",19
"Senegal",25,29,686,"SEN",13
"Serbia",25,29,688,"SRB",2
"Sierra Leone",25,29,694,"SLE",1
"Singapore",25,29,702,"SGP",4
"Slovakia",25,29,703,"SVK",2
"Slovenia",25,29,705,"SVN",1
"Solomon Islands",25,29,90,"SLB",0
"Somalia",25,29,706,"SOM",13
"South Africa",25,29,710,"ZAF",56
"South Sudan",25,29,728,"SSD",8
"Spain",25,29,724,"ESP",10
"Sri Lanka",25,29,144,"LKA",13
"Sudan",25,29,729,"SDN",52
"Suriname",25,29,740,"SUR",0
"Sweden",25,29,752,"SWE",5
"Switzerland",25,29,756,"CHE",5
"Syrian Arab Republic",25,29,760,"SYR",10
"Tajikistan",25,29,762,"TJK",4
"Tanzania, United Republic of",25,29,834,"TZA",14
"Thailand",25,29,764,"THA",54
"The Netherlands",25,29,528,"NLD",10
"The Republic of the Gambia",25,29,270,"GMB",2
"Timor-Leste",25,29,626,"TLS",0
"Togo",25,29,768,"TGO",4
"Total",25,29,NA,"",4150
"Trinidad and Tobago",25,29,780,"TTO",1
"Tunisia",25,29,788,"TUN",7
"Türkiye",25,29,792,"TUR",74
"Turkmenistan",25,29,795,"TKM",2
"Uganda",25,29,800,"UGA",18
"Ukraine",25,29,804,"UKR",9
"United Arab Emirates",25,29,784,"ARE",2
"United Kingdom",25,29,826,"GBR",35
"United States of America",25,29,840,"USA",143
"Uruguay",25,29,858,"URY",2
"Uzbekistan",25,29,860,"UZB",19
"Vanuatu",25,29,548,"VUT",0
"Venezuela",25,29,862,"VEN",29
"Viet Nam",25,29,704,"VNM",131
"Yemen",25,29,887,"YEM",15
"Zambia",25,29,894,"ZMB",7
"Zimbabwe",25,29,716,"ZWE",4
"Afghanistan",30,34,4,"AFG",21
"Albania",30,34,8,"ALB",4
"Algeria",30,34,12,"DZA",52
"Angola",30,34,24,"AGO",30
"Argentina",30,34,32,"ARG",33
"Armenia",30,34,51,"ARM",2
"Australia",30,34,36,"AUS",57
"Austria",30,34,40,"AUT",7
"Azerbaijan",30,34,31,"AZE",5
"Bahamas",30,34,44,"BHS",0
"Bahrain",30,34,48,"BHR",2
"Bangladesh",30,34,50,"BGD",153
"Barbados",30,34,52,"BRB",0
"Belarus",30,34,112,"BLR",6
"Belgium",30,34,56,"BEL",5
"Belize",30,34,84,"BLZ",0
"Benin",30,34,204,"BEN",6
"Bhutan",30,34,64,"BTN",0
"Bolivia (Plurinational State of)",30,34,68,"BOL",1
"Bosnia Herzegovina",30,34,70,"BIH",2
"Botswana",30,34,72,"BWA",1
"Brazil",30,34,76,"BRA",129
"Brunei Darussalam",30,34,96,"BRN",0
"Bulgaria",30,34,100,"BGR",3
"Burkina Faso",30,34,854,"BFA",0
"Burundi",30,34,108,"BDI",5
"Cambodia",30,34,116,"KHM",10
"Cameroon",30,34,120,"CMR",18
"Canada",30,34,124,"CAN",68
"Cape Verde",30,34,132,"CPV",0
"Central African Republic",30,34,140,"CAF",2
"Chad",30,34,148,"TCD",0
"Chile",30,34,152,"CHL",19
"China",30,34,156,"CHN",1710
"Colombia",30,34,170,"COL",38
"Comoros",30,34,174,"COM",0
"Congo, Democratic Republic of",30,34,180,"COD",41
"Congo, Republic of",30,34,178,"COG",2
"Costa Rica",30,34,188,"CRI",5
"Côte d'Ivoire",30,34,384,"CIV",19
"Croatia",30,34,191,"HRV",4
"Cuba",30,34,192,"CUB",7
"Cyprus",30,34,196,"CYP",1
"Czechia",30,34,203,"CZE",8
"Denmark",30,34,208,"DNK",4
"Djibouti",30,34,262,"DJI",2
"Dominican Republic",30,34,214,"DOM",4
"Ecuador",30,34,218,"ECU",6
"Egypt",30,34,818,"EGY",111
"El Salvador",30,34,222,"SLV",5
"Equatorial Guinea",30,34,226,"GNQ",2
"Eritrea",30,34,232,"ERI",4
"Estonia",30,34,233,"EST",0
"Eswatini",30,34,748,"SWZ",1
"Ethiopia",30,34,231,"ETH",165
"Fiji",30,34,242,"FJI",0
"Finland",30,34,246,"FIN",6
"France (metropolitan)",30,34,250,"FRA",70
"France, Guadeloupe",30,34,312,"GLP",0
"France, La Réunion",30,34,638,"REU",0
"France, Martinique",30,34,474,"MTQ",0
"French Guyana",30,34,254,"GUF",0
"French Polynesia",30,34,258,"PYF",0
"Gabon",30,34,266,"GAB",2
"Gaza Strip and West Bank",30,34,275,"PSE",5
"Georgia",30,34,268,"GEO",1
"Germany",30,34,276,"DEU",22
"Ghana",30,34,288,"GHA",34
"Greece",30,34,300,"GRC",1
"Guam",30,34,316,"GUM",0
"Guatemala",30,34,320,"GTM",2
"Guinea",30,34,324,"GIN",5
"Guinea-Bissau",30,34,624,"GNB",1
"Guyana",30,34,328,"GUY",0
"Haiti",30,34,332,"HTI",4
"Honduras",30,34,340,"HND",4
"Hungary",30,34,348,"HUN",8
"Iceland",30,34,352,"ISL",0
"India",30,34,356,"IND",954
"Indonesia",30,34,360,"IDN",185
"Iran, Islamic Republic of",30,34,364,"IRN",89
"Iraq",30,34,368,"IRQ",31
"Ireland",30,34,372,"IRL",2
"Israel",30,34,376,"ISR",9
"Italy",30,34,380,"ITA",28
"Jamaica",30,34,388,"JAM",2
"Japan",30,34,392,"JPN",0
"Jordan",30,34,400,"JOR",10
"Kazakhstan",30,34,398,"KAZ",29
"Kenya",30,34,404,"KEN",55
"Korea, Democratic People Republic of",30,34,408,"PRK",8
"Korea, Republic of",30,34,410,"KOR",91
"Kuwait",30,34,414,"KWT",3
"Kyrgyzstan",30,34,417,"KGZ",7
"Lao People's Democratic Republic",30,34,418,"LAO",7
"Latvia",30,34,428,"LVA",0
"Lebanon",30,34,422,"LBN",3
"Lesotho",30,34,426,"LSO",1
"Liberia",30,34,430,"LBR",2
"Libya",30,34,434,"LBY",6
"Lithuania",30,34,440,"LTU",2
"Luxembourg",30,34,442,"LUX",0
"Madagascar",30,34,450,"MDG",13
"Malawi",30,34,454,"MWI",14
"Malaysia",30,34,458,"MYS",38
"Maldives",30,34,462,"MDV",1
"Mali",30,34,466,"MLI",32
"Malta",30,34,470,"MLT",1
"Mauritania",30,34,478,"MRT",3
"Mauritius",30,34,480,"MUS",0
"Mexico",30,34,484,"MEX",88
"Mongolia",30,34,496,"MNG",2
"Montenegro",30,34,499,"MNE",0
"Morocco",30,34,504,"MAR",44
"Mozambique",30,34,508,"MOZ",21
"Myanmar",30,34,104,"MMR",43
"Namibia",30,34,516,"NAM",3
"Nepal",30,34,524,"NPL",16
"New Caledonia",30,34,540,"NCL",0
"New Zealand",30,34,554,"NZL",1
"Nicaragua",30,34,558,"NIC",4
"Niger",30,34,562,"NER",23
"Nigeria",30,34,566,"NGA",176
"North Macedonia",30,34,807,"MKD",0
"Norway",30,34,578,"NOR",8
"Oman",30,34,512,"OMN",9
"Pakistan",30,34,586,"PAK",168
"Panama",30,34,591,"PAN",1
"Papua New Guinea",30,34,598,"PNG",0
"Paraguay",30,34,600,"PRY",8
"Peru",30,34,604,"PER",8
"Philippines",30,34,608,"PHL",80
"Poland",30,34,616,"POL",39
"Portugal",30,34,620,"PRT",7
"Puerto Rico",30,34,630,"PRI",1
"Qatar",30,34,634,"QAT",2
"Republic of Moldova",30,34,498,"MDA",2
"Romania",30,34,642,"ROU",3
"Russian Federation",30,34,643,"RUS",63
"Rwanda",30,34,646,"RWA",6
"Saint Lucia",30,34,662,"LCA",0
"Samoa",30,34,882,"WSM",0
"Sao Tome and Principe",30,34,678,"STP",0
"Saudi Arabia",30,34,682,"SAU",40
"Senegal",30,34,686,"SEN",16
"Serbia",30,34,688,"SRB",3
"Sierra Leone",30,34,694,"SLE",1
"Singapore",30,34,702,"SGP",7
"Slovakia",30,34,703,"SVK",4
"Slovenia",30,34,705,"SVN",2
"Solomon Islands",30,34,90,"SLB",0
"Somalia",30,34,706,"SOM",12
"South Africa",30,34,710,"ZAF",88
"South Sudan",30,34,728,"SSD",6
"Spain",30,34,724,"ESP",27
"Sri Lanka",30,34,144,"LKA",13
"Sudan",30,34,729,"SDN",48
"Suriname",30,34,740,"SUR",0
"Sweden",30,34,752,"SWE",4
"Switzerland",30,34,756,"CHE",4
"Syrian Arab Republic",30,34,760,"SYR",19
"Tajikistan",30,34,762,"TJK",6
"Tanzania, United Republic of",30,34,834,"TZA",22
"Thailand",30,34,764,"THA",42
"The Netherlands",30,34,528,"NLD",13
"The Republic of the Gambia",30,34,270,"GMB",2
"Timor-Leste",30,34,626,"TLS",0
"Togo",30,34,768,"TGO",4
"Total",30,34,NA,"",6598
"Trinidad and Tobago",30,34,780,"TTO",2
"Tunisia",30,34,788,"TUN",15
"Türkiye",30,34,792,"TUR",64
"Turkmenistan",30,34,795,"TKM",4
"Uganda",30,34,800,"UGA",15
"Ukraine",30,34,804,"UKR",23
"United Arab Emirates",30,34,784,"ARE",6
"United Kingdom",30,34,826,"GBR",41
"United States of America",30,34,840,"USA",477
"Uruguay",30,34,858,"URY",4
"Uzbekistan",30,34,860,"UZB",26
"Vanuatu",30,34,548,"VUT",0
"Venezuela",30,34,862,"VEN",16
"Viet Nam",30,34,704,"VNM",71
"Yemen",30,34,887,"YEM",33
"Zambia",30,34,894,"ZMB",7
"Zimbabwe",30,34,716,"ZWE",14
"Afghanistan",35,39,4,"AFG",21
"Albania",35,39,8,"ALB",6
"Algeria",35,39,12,"DZA",98
"Angola",35,39,24,"AGO",51
"Argentina",35,39,32,"ARG",55
"Armenia",35,39,51,"ARM",1
"Australia",35,39,36,"AUS",115
"Austria",35,39,40,"AUT",15
"Azerbaijan",35,39,31,"AZE",17
"Bahamas",35,39,44,"BHS",0
"Bahrain",35,39,48,"BHR",4
"Bangladesh",35,39,50,"BGD",161
"Barbados",35,39,52,"BRB",0
"Belarus",35,39,112,"BLR",16
"Belgium",35,39,56,"BEL",13
"Belize",35,39,84,"BLZ",0
"Benin",35,39,204,"BEN",4
"Bhutan",35,39,64,"BTN",1
"Bolivia (Plurinational State of)",35,39,68,"BOL",2
"Bosnia Herzegovina",35,39,70,"BIH",9
"Botswana",35,39,72,"BWA",3
"Brazil",35,39,76,"BRA",383
"Brunei Darussalam",35,39,96,"BRN",2
"Bulgaria",35,39,100,"BGR",4
"Burkina Faso",35,39,854,"BFA",4
"Burundi",35,39,108,"BDI",6
"Cambodia",35,39,116,"KHM",12
"Cameroon",35,39,120,"CMR",15
"Canada",35,39,124,"CAN",155
"Cape Verde",35,39,132,"CPV",0
"Central African Republic",35,39,140,"CAF",3
"Chad",35,39,148,"TCD",23
"Chile",35,39,152,"CHL",21
"China",35,39,156,"CHN",2444
"Colombia",35,39,170,"COL",67
"Comoros",35,39,174,"COM",0
"Congo, Democratic Republic of",35,39,180,"COD",35
"Congo, Republic of",35,39,178,"COG",2
"Costa Rica",35,39,188,"CRI",6
"Côte d'Ivoire",35,39,384,"CIV",18
"Croatia",35,39,191,"HRV",6
"Cuba",35,39,192,"CUB",8
"Cyprus",35,39,196,"CYP",1
"Czechia",35,39,203,"CZE",9
"Denmark",35,39,208,"DNK",2
"Djibouti",35,39,262,"DJI",2
"Dominican Republic",35,39,214,"DOM",8
"Ecuador",35,39,218,"ECU",14
"Egypt",35,39,818,"EGY",150
"El Salvador",35,39,222,"SLV",12
"Equatorial Guinea",35,39,226,"GNQ",2
"Eritrea",35,39,232,"ERI",5
"Estonia",35,39,233,"EST",1
"Eswatini",35,39,748,"SWZ",1
"Ethiopia",35,39,231,"ETH",195
"Fiji",35,39,242,"FJI",1
"Finland",35,39,246,"FIN",7
"France (metropolitan)",35,39,250,"FRA",101
"France, Guadeloupe",35,39,312,"GLP",0
"France, La Réunion",35,39,638,"REU",1
"France, Martinique",35,39,474,"MTQ",0
"French Guyana",35,39,254,"GUF",0
"French Polynesia",35,39,258,"PYF",0
"Gabon",35,39,266,"GAB",2
"Gaza Strip and West Bank",35,39,275,"PSE",9
"Georgia",35,39,268,"GEO",0
"Germany",35,39,276,"DEU",62
"Ghana",35,39,288,"GHA",38
"Greece",35,39,300,"GRC",4
"Guam",35,39,316,"GUM",0
"Guatemala",35,39,320,"GTM",4
"Guinea",35,39,324,"GIN",5
"Guinea-Bissau",35,39,624,"GNB",2
"Guyana",35,39,328,"GUY",0
"Haiti",35,39,332,"HTI",6
"Honduras",35,39,340,"HND",5
"Hungary",35,39,348,"HUN",11
"Iceland",35,39,352,"ISL",1
"India",35,39,356,"IND",1088
"Indonesia",35,39,360,"IDN",377
"Iran, Islamic Republic of",35,39,364,"IRN",191
"Iraq",35,39,368,"IRQ",45
"Ireland",35,39,372,"IRL",7
"Israel",35,39,376,"ISR",25
"Italy",35,39,380,"ITA",80
"Jamaica",35,39,388,"JAM",3
"Japan",35,39,392,"JPN",137
"Jordan",35,39,400,"JOR",21
"Kazakhstan",35,39,398,"KAZ",11
"Kenya",35,39,404,"KEN",32
"Korea, Democratic People Republic of",35,39,408,"PRK",30
"Korea, Republic of",35,39,410,"KOR",216
"Kuwait",35,39,414,"KWT",3
"Kyrgyzstan",35,39,417,"KGZ",5
"Lao People's Democratic Republic",35,39,418,"LAO",11
"Latvia",35,39,428,"LVA",1
"Lebanon",35,39,422,"LBN",9
"Lesotho",35,39,426,"LSO",1
"Liberia",35,39,430,"LBR",3
"Libya",35,39,434,"LBY",11
"Lithuania",35,39,440,"LTU",2
"Luxembourg",35,39,442,"LUX",1
"Madagascar",35,39,450,"MDG",17
"Malawi",35,39,454,"MWI",27
"Malaysia",35,39,458,"MYS",82
"Maldives",35,39,462,"MDV",1
"Mali",35,39,466,"MLI",39
"Malta",35,39,470,"MLT",1
"Mauritania",35,39,478,"MRT",4
"Mauritius",35,39,480,"MUS",2
"Mexico",35,39,484,"MEX",102
"Mongolia",35,39,496,"MNG",1
"Montenegro",35,39,499,"MNE",1
"Morocco",35,39,504,"MAR",75
"Mozambique",35,39,508,"MOZ",19
"Myanmar",35,39,104,"MMR",58
"Namibia",35,39,516,"NAM",4
"Nepal",35,39,524,"NPL",20
"New Caledonia",35,39,540,"NCL",0
"New Zealand",35,39,554,"NZL",5
"Nicaragua",35,39,558,"NIC",6
"Niger",35,39,562,"NER",32
"Nigeria",35,39,566,"NGA",148
"North Macedonia",35,39,807,"MKD",3
"Norway",35,39,578,"NOR",10
"Oman",35,39,512,"OMN",15
"Pakistan",35,39,586,"PAK",210
"Panama",35,39,591,"PAN",2
"Papua New Guinea",35,39,598,"PNG",7
"Paraguay",35,39,600,"PRY",11
"Peru",35,39,604,"PER",23
"Philippines",35,39,608,"PHL",157
"Poland",35,39,616,"POL",18
"Portugal",35,39,620,"PRT",15
"Puerto Rico",35,39,630,"PRI",5
"Qatar",35,39,634,"QAT",7
"Republic of Moldova",35,39,498,"MDA",2
"Romania",35,39,642,"ROU",19
"Russian Federation",35,39,643,"RUS",213
"Rwanda",35,39,646,"RWA",10
"Saint Lucia",35,39,662,"LCA",0
"Samoa",35,39,882,"WSM",0
"Sao Tome and Principe",35,39,678,"STP",0
"Saudi Arabia",35,39,682,"SAU",88
"Senegal",35,39,686,"SEN",19
"Serbia",35,39,688,"SRB",10
"Sierra Leone",35,39,694,"SLE",0
"Singapore",35,39,702,"SGP",13
"Slovakia",35,39,703,"SVK",10
"Slovenia",35,39,705,"SVN",3
"Solomon Islands",35,39,90,"SLB",0
"Somalia",35,39,706,"SOM",14
"South Africa",35,39,710,"ZAF",178
"South Sudan",35,39,728,"SSD",8
"Spain",35,39,724,"ESP",65
"Sri Lanka",35,39,144,"LKA",17
"Sudan",35,39,729,"SDN",39
"Suriname",35,39,740,"SUR",1
"Sweden",35,39,752,"SWE",11
"Switzerland",35,39,756,"CHE",8
"Syrian Arab Republic",35,39,760,"SYR",33
"Tajikistan",35,39,762,"TJK",7
"Tanzania, United Republic of",35,39,834,"TZA",27
"Thailand",35,39,764,"THA",95
"The Netherlands",35,39,528,"NLD",14
"The Republic of the Gambia",35,39,270,"GMB",2
"Timor-Leste",35,39,626,"TLS",1
"Togo",35,39,768,"TGO",3
"Total",35,39,NA,"",10602
"Trinidad and Tobago",35,39,780,"TTO",4
"Tunisia",35,39,788,"TUN",24
"Türkiye",35,39,792,"TUR",142
"Turkmenistan",35,39,795,"TKM",6
"Uganda",35,39,800,"UGA",27
"Ukraine",35,39,804,"UKR",37
"United Arab Emirates",35,39,784,"ARE",5
"United Kingdom",35,39,826,"GBR",84
"United States of America",35,39,840,"USA",1172
"Uruguay",35,39,858,"URY",5
"Uzbekistan",35,39,860,"UZB",45
"Vanuatu",35,39,548,"VUT",0
"Venezuela",35,39,862,"VEN",22
"Viet Nam",35,39,704,"VNM",127
"Yemen",35,39,887,"YEM",63
"Zambia",35,39,894,"ZMB",14
"Zimbabwe",35,39,716,"ZWE",11
"Afghanistan",40,44,4,"AFG",30
"Albania",40,44,8,"ALB",9
"Algeria",40,44,12,"DZA",165
"Angola",40,44,24,"AGO",24
"Argentina",40,44,32,"ARG",106
"Armenia",40,44,51,"ARM",1
"Australia",40,44,36,"AUS",184
"Austria",40,44,40,"AUT",32
"Azerbaijan",40,44,31,"AZE",29
"Bahamas",40,44,44,"BHS",1
"Bahrain",40,44,48,"BHR",2
"Bangladesh",40,44,50,"BGD",194
"Barbados",40,44,52,"BRB",1
"Belarus",40,44,112,"BLR",32
"Belgium",40,44,56,"BEL",35
"Belize",40,44,84,"BLZ",0
"Benin",40,44,204,"BEN",6
"Bhutan",40,44,64,"BTN",1
"Bolivia (Plurinational State of)",40,44,68,"BOL",3
"Bosnia Herzegovina",40,44,70,"BIH",20
"Botswana",40,44,72,"BWA",4
"Brazil",40,44,76,"BRA",823
"Brunei Darussalam",40,44,96,"BRN",5
"Bulgaria",40,44,100,"BGR",19
"Burkina Faso",40,44,854,"BFA",20
"Burundi",40,44,108,"BDI",10
"Cambodia",40,44,116,"KHM",23
"Cameroon",40,44,120,"CMR",24
"Canada",40,44,124,"CAN",271
"Cape Verde",40,44,132,"CPV",0
"Central African Republic",40,44,140,"CAF",4
"Chad",40,44,148,"TCD",0
"Chile",40,44,152,"CHL",42
"China",40,44,156,"CHN",4668
"Colombia",40,44,170,"COL",114
"Comoros",40,44,174,"COM",0
"Congo, Democratic Republic of",40,44,180,"COD",73
"Congo, Republic of",40,44,178,"COG",5
"Costa Rica",40,44,188,"CRI",10
"Côte d'Ivoire",40,44,384,"CIV",21
"Croatia",40,44,191,"HRV",21
"Cuba",40,44,192,"CUB",11
"Cyprus",40,44,196,"CYP",3
"Czechia",40,44,203,"CZE",43
"Denmark",40,44,208,"DNK",16
"Djibouti",40,44,262,"DJI",2
"Dominican Republic",40,44,214,"DOM",13
"Ecuador",40,44,218,"ECU",24
"Egypt",40,44,818,"EGY",176
"El Salvador",40,44,222,"SLV",17
"Equatorial Guinea",40,44,226,"GNQ",1
"Eritrea",40,44,232,"ERI",4
"Estonia",40,44,233,"EST",1
"Eswatini",40,44,748,"SWZ",2
"Ethiopia",40,44,231,"ETH",208
"Fiji",40,44,242,"FJI",2
"Finland",40,44,246,"FIN",15
"France (metropolitan)",40,44,250,"FRA",257
"France, Guadeloupe",40,44,312,"GLP",2
"France, La Réunion",40,44,638,"REU",3
"France, Martinique",40,44,474,"MTQ",1
"French Guyana",40,44,254,"GUF",0
"French Polynesia",40,44,258,"PYF",0
"Gabon",40,44,266,"GAB",2
"Gaza Strip and West Bank",40,44,275,"PSE",12
"Georgia",40,44,268,"GEO",5
"Germany",40,44,276,"DEU",221
"Ghana",40,44,288,"GHA",43
"Greece",40,44,300,"GRC",8
"Guam",40,44,316,"GUM",0
"Guatemala",40,44,320,"GTM",5
"Guinea",40,44,324,"GIN",5
"Guinea-Bissau",40,44,624,"GNB",2
"Guyana",40,44,328,"GUY",0
"Haiti",40,44,332,"HTI",6
"Honduras",40,44,340,"HND",10
"Hungary",40,44,348,"HUN",66
"Iceland",40,44,352,"ISL",2
"India",40,44,356,"IND",1527
"Indonesia",40,44,360,"IDN",762
"Iran, Islamic Republic of",40,44,364,"IRN",281
"Iraq",40,44,368,"IRQ",64
"Ireland",40,44,372,"IRL",22
"Israel",40,44,376,"ISR",44
"Italy",40,44,380,"ITA",203
"Jamaica",40,44,388,"JAM",5
"Japan",40,44,392,"JPN",435
"Jordan",40,44,400,"JOR",31
"Kazakhstan",40,44,398,"KAZ",25
"Kenya",40,44,404,"KEN",68
"Korea, Democratic People Republic of",40,44,408,"PRK",79
"Korea, Republic of",40,44,410,"KOR",410
"Kuwait",40,44,414,"KWT",7
"Kyrgyzstan",40,44,417,"KGZ",6
"Lao People's Democratic Republic",40,44,418,"LAO",19
"Latvia",40,44,428,"LVA",3
"Lebanon",40,44,422,"LBN",15
"Lesotho",40,44,426,"LSO",3
"Liberia",40,44,430,"LBR",3
"Libya",40,44,434,"LBY",22
"Lithuania",40,44,440,"LTU",5
"Luxembourg",40,44,442,"LUX",2
"Madagascar",40,44,450,"MDG",14
"Malawi",40,44,454,"MWI",28
"Malaysia",40,44,458,"MYS",135
"Maldives",40,44,462,"MDV",2
"Mali",40,44,466,"MLI",45
"Malta",40,44,470,"MLT",2
"Mauritania",40,44,478,"MRT",5
"Mauritius",40,44,480,"MUS",3
"Mexico",40,44,484,"MEX",173
"Mongolia",40,44,496,"MNG",2
"Montenegro",40,44,499,"MNE",2
"Morocco",40,44,504,"MAR",115
"Mozambique",40,44,508,"MOZ",14
"Myanmar",40,44,104,"MMR",99
"Namibia",40,44,516,"NAM",4
"Nepal",40,44,524,"NPL",26
"New Caledonia",40,44,540,"NCL",1
"New Zealand",40,44,554,"NZL",16
"Nicaragua",40,44,558,"NIC",6
"Niger",40,44,562,"NER",18
"Nigeria",40,44,566,"NGA",193
"North Macedonia",40,44,807,"MKD",8
"Norway",40,44,578,"NOR",22
"Oman",40,44,512,"OMN",16
"Pakistan",40,44,586,"PAK",248
"Panama",40,44,591,"PAN",4
"Papua New Guinea",40,44,598,"PNG",10
"Paraguay",40,44,600,"PRY",15
"Peru",40,44,604,"PER",36
"Philippines",40,44,608,"PHL",275
"Poland",40,44,616,"POL",127
"Portugal",40,44,620,"PRT",52
"Puerto Rico",40,44,630,"PRI",10
"Qatar",40,44,634,"QAT",2
"Republic of Moldova",40,44,498,"MDA",12
"Romania",40,44,642,"ROU",92
"Russian Federation",40,44,643,"RUS",561
"Rwanda",40,44,646,"RWA",13
"Saint Lucia",40,44,662,"LCA",0
"Samoa",40,44,882,"WSM",0
"Sao Tome and Principe",40,44,678,"STP",0
"Saudi Arabia",40,44,682,"SAU",168
"Senegal",40,44,686,"SEN",21
"Serbia",40,44,688,"SRB",39
"Sierra Leone",40,44,694,"SLE",0
"Singapore",40,44,702,"SGP",33
"Slovakia",40,44,703,"SVK",19
"Slovenia",40,44,705,"SVN",10
"Solomon Islands",40,44,90,"SLB",1
"Somalia",40,44,706,"SOM",19
"South Africa",40,44,710,"ZAF",212
"South Sudan",40,44,728,"SSD",10
"Spain",40,44,724,"ESP",179
"Sri Lanka",40,44,144,"LKA",34
"Sudan",40,44,729,"SDN",30
"Suriname",40,44,740,"SUR",0
"Sweden",40,44,752,"SWE",31
"Switzerland",40,44,756,"CHE",29
"Syrian Arab Republic",40,44,760,"SYR",10
"Tajikistan",40,44,762,"TJK",8
"Tanzania, United Republic of",40,44,834,"TZA",45
"Thailand",40,44,764,"THA",235
"The Netherlands",40,44,528,"NLD",57
"The Republic of the Gambia",40,44,270,"GMB",2
"Timor-Leste",40,44,626,"TLS",2
"Togo",40,44,768,"TGO",6
"Total",40,44,NA,"",19409
"Trinidad and Tobago",40,44,780,"TTO",7
"Tunisia",40,44,788,"TUN",37
"Türkiye",40,44,792,"TUR",295
"Turkmenistan",40,44,795,"TKM",10
"Uganda",40,44,800,"UGA",31
"Ukraine",40,44,804,"UKR",152
"United Arab Emirates",40,44,784,"ARE",8
"United Kingdom",40,44,826,"GBR",220
"United States of America",40,44,840,"USA",2244
"Uruguay",40,44,858,"URY",9
"Uzbekistan",40,44,860,"UZB",72
"Vanuatu",40,44,548,"VUT",0
"Venezuela",40,44,862,"VEN",52
"Viet Nam",40,44,704,"VNM",289
"Yemen",40,44,887,"YEM",78
"Zambia",40,44,894,"ZMB",23
"Zimbabwe",40,44,716,"ZWE",15
"Afghanistan",45,49,4,"AFG",41
"Albania",45,49,8,"ALB",13
"Algeria",45,49,12,"DZA",222
"Angola",45,49,24,"AGO",12
"Argentina",45,49,32,"ARG",163
"Armenia",45,49,51,"ARM",4
"Australia",45,49,36,"AUS",276
"Austria",45,49,40,"AUT",57
"Azerbaijan",45,49,31,"AZE",44
"Bahamas",45,49,44,"BHS",2
"Bahrain",45,49,48,"BHR",4
"Bangladesh",45,49,50,"BGD",220
"Barbados",45,49,52,"BRB",4
"Belarus",45,49,112,"BLR",70
"Belgium",45,49,56,"BEL",64
"Belize",45,49,84,"BLZ",0
"Benin",45,49,204,"BEN",8
"Bhutan",45,49,64,"BTN",1
"Bolivia (Plurinational State of)",45,49,68,"BOL",11
"Bosnia Herzegovina",45,49,70,"BIH",37
"Botswana",45,49,72,"BWA",4
"Brazil",45,49,76,"BRA",1309
"Brunei Darussalam",45,49,96,"BRN",7
"Bulgaria",45,49,100,"BGR",54
"Burkina Faso",45,49,854,"BFA",0
"Burundi",45,49,108,"BDI",11
"Cambodia",45,49,116,"KHM",34
"Cameroon",45,49,120,"CMR",34
"Canada",45,49,124,"CAN",400
"Cape Verde",45,49,132,"CPV",0
"Central African Republic",45,49,140,"CAF",5
"Chad",45,49,148,"TCD",33
"Chile",45,49,152,"CHL",79
"China",45,49,156,"CHN",9855
"Colombia",45,49,170,"COL",168
"Comoros",45,49,174,"COM",0
"Congo, Democratic Republic of",45,49,180,"COD",108
"Congo, Republic of",45,49,178,"COG",9
"Costa Rica",45,49,188,"CRI",16
"Côte d'Ivoire",45,49,384,"CIV",25
"Croatia",45,49,191,"HRV",43
"Cuba",45,49,192,"CUB",30
"Cyprus",45,49,196,"CYP",6
"Czechia",45,49,203,"CZE",105
"Denmark",45,49,208,"DNK",44
"Djibouti",45,49,262,"DJI",2
"Dominican Republic",45,49,214,"DOM",16
"Ecuador",45,49,218,"ECU",41
"Egypt",45,49,818,"EGY",192
"El Salvador",45,49,222,"SLV",19
"Equatorial Guinea",45,49,226,"GNQ",1
"Eritrea",45,49,232,"ERI",6
"Estonia",45,49,233,"EST",6
"Eswatini",45,49,748,"SWZ",2
"Ethiopia",45,49,231,"ETH",285
"Fiji",45,49,242,"FJI",2
"Finland",45,49,246,"FIN",29
"France (metropolitan)",45,49,250,"FRA",492
"France, Guadeloupe",45,49,312,"GLP",3
"France, La Réunion",45,49,638,"REU",5
"France, Martinique",45,49,474,"MTQ",2
"French Guyana",45,49,254,"GUF",1
"French Polynesia",45,49,258,"PYF",0
"Gabon",45,49,266,"GAB",2
"Gaza Strip and West Bank",45,49,275,"PSE",17
"Georgia",45,49,268,"GEO",15
"Germany",45,49,276,"DEU",457
"Ghana",45,49,288,"GHA",48
"Greece",45,49,300,"GRC",25
"Guam",45,49,316,"GUM",1
"Guatemala",45,49,320,"GTM",8
"Guinea",45,49,324,"GIN",5
"Guinea-Bissau",45,49,624,"GNB",2
"Guyana",45,49,328,"GUY",0
"Haiti",45,49,332,"HTI",15
"Honduras",45,49,340,"HND",13
"Hungary",45,49,348,"HUN",168
"Iceland",45,49,352,"ISL",3
"India",45,49,356,"IND",2202
"Indonesia",45,49,360,"IDN",1238
"Iran, Islamic Republic of",45,49,364,"IRN",337
"Iraq",45,49,368,"IRQ",83
"Ireland",45,49,372,"IRL",41
"Israel",45,49,376,"ISR",68
"Italy",45,49,380,"ITA",450
"Jamaica",45,49,388,"JAM",9
"Japan",45,49,392,"JPN",1163
"Jordan",45,49,400,"JOR",41
"Kazakhstan",45,49,398,"KAZ",65
"Kenya",45,49,404,"KEN",105
"Korea, Democratic People Republic of",45,49,408,"PRK",193
"Korea, Republic of",45,49,410,"KOR",690
"Kuwait",45,49,414,"KWT",14
"Kyrgyzstan",45,49,417,"KGZ",10
"Lao People's Democratic Republic",45,49,418,"LAO",29
"Latvia",45,49,428,"LVA",10
"Lebanon",45,49,422,"LBN",22
"Lesotho",45,49,426,"LSO",3
"Liberia",45,49,430,"LBR",3
"Libya",45,49,434,"LBY",33
"Lithuania",45,49,440,"LTU",11
"Luxembourg",45,49,442,"LUX",2
"Madagascar",45,49,450,"MDG",18
"Malawi",45,49,454,"MWI",20
"Malaysia",45,49,458,"MYS",196
"Maldives",45,49,462,"MDV",3
"Mali",45,49,466,"MLI",46
"Malta",45,49,470,"MLT",4
"Mauritania",45,49,478,"MRT",6
"Mauritius",45,49,480,"MUS",5
"Mexico",45,49,484,"MEX",276
"Mongolia",45,49,496,"MNG",6
"Montenegro",45,49,499,"MNE",6
"Morocco",45,49,504,"MAR",153
"Mozambique",45,49,508,"MOZ",12
"Myanmar",45,49,104,"MMR",150
"Namibia",45,49,516,"NAM",4
"Nepal",45,49,524,"NPL",31
"New Caledonia",45,49,540,"NCL",1
"New Zealand",45,49,554,"NZL",36
"Nicaragua",45,49,558,"NIC",8
"Niger",45,49,562,"NER",35
"Nigeria",45,49,566,"NGA",275
"North Macedonia",45,49,807,"MKD",19
"Norway",45,49,578,"NOR",46
"Oman",45,49,512,"OMN",20
"Pakistan",45,49,586,"PAK",279
"Panama",45,49,591,"PAN",9
"Papua New Guinea",45,49,598,"PNG",18
"Paraguay",45,49,600,"PRY",17
"Peru",45,49,604,"PER",54
"Philippines",45,49,608,"PHL",436
"Poland",45,49,616,"POL",298
"Portugal",45,49,620,"PRT",117
"Puerto Rico",45,49,630,"PRI",20
"Qatar",45,49,634,"QAT",11
"Republic of Moldova",45,49,498,"MDA",30
"Romania",45,49,642,"ROU",221
"Russian Federation",45,49,643,"RUS",1032
"Rwanda",45,49,646,"RWA",16
"Saint Lucia",45,49,662,"LCA",0
"Samoa",45,49,882,"WSM",1
"Sao Tome and Principe",45,49,678,"STP",0
"Saudi Arabia",45,49,682,"SAU",247
"Senegal",45,49,686,"SEN",22
"Serbia",45,49,688,"SRB",107
"Sierra Leone",45,49,694,"SLE",0
"Singapore",45,49,702,"SGP",67
"Slovakia",45,49,703,"SVK",55
"Slovenia",45,49,705,"SVN",20
"Solomon Islands",45,49,90,"SLB",1
"Somalia",45,49,706,"SOM",26
"South Africa",45,49,710,"ZAF",261
"South Sudan",45,49,728,"SSD",14
"Spain",45,49,724,"ESP",461
"Sri Lanka",45,49,144,"LKA",59
"Sudan",45,49,729,"SDN",40
"Suriname",45,49,740,"SUR",3
"Sweden",45,49,752,"SWE",65
"Switzerland",45,49,756,"CHE",63
"Syrian Arab Republic",45,49,760,"SYR",13
"Tajikistan",45,49,762,"TJK",10
"Tanzania, United Republic of",45,49,834,"TZA",53
"Thailand",45,49,764,"THA",463
"The Netherlands",45,49,528,"NLD",131
"The Republic of the Gambia",45,49,270,"GMB",1
"Timor-Leste",45,49,626,"TLS",2
"Togo",45,49,768,"TGO",10
"Total",45,49,NA,"",34084
"Trinidad and Tobago",45,49,780,"TTO",9
"Tunisia",45,49,788,"TUN",49
"Türkiye",45,49,792,"TUR",486
"Turkmenistan",45,49,795,"TKM",14
"Uganda",45,49,800,"UGA",46
"Ukraine",45,49,804,"UKR",328
"United Arab Emirates",45,49,784,"ARE",10
"United Kingdom",45,49,826,"GBR",413
"United States of America",45,49,840,"USA",3384
"Uruguay",45,49,858,"URY",20
"Uzbekistan",45,49,860,"UZB",107
"Vanuatu",45,49,548,"VUT",0
"Venezuela",45,49,862,"VEN",100
"Viet Nam",45,49,704,"VNM",519
"Yemen",45,49,887,"YEM",84
"Zambia",45,49,894,"ZMB",30
"Zimbabwe",45,49,716,"ZWE",19
"Afghanistan",50,54,4,"AFG",51
"Albania",50,54,8,"ALB",19
"Algeria",50,54,12,"DZA",303
"Angola",50,54,24,"AGO",20
"Argentina",50,54,32,"ARG",227
"Armenia",50,54,51,"ARM",10
"Australia",50,54,36,"AUS",389
"Austria",50,54,40,"AUT",108
"Azerbaijan",50,54,31,"AZE",67
"Bahamas",50,54,44,"BHS",1
"Bahrain",50,54,48,"BHR",9
"Bangladesh",50,54,50,"BGD",254
"Barbados",50,54,52,"BRB",7
"Belarus",50,54,112,"BLR",132
"Belgium",50,54,56,"BEL",124
"Belize",50,54,84,"BLZ",0
"Benin",50,54,204,"BEN",16
"Bhutan",50,54,64,"BTN",1
"Bolivia (Plurinational State of)",50,54,68,"BOL",8
"Bosnia Herzegovina",50,54,70,"BIH",57
"Botswana",50,54,72,"BWA",3
"Brazil",50,54,76,"BRA",1955
"Brunei Darussalam",50,54,96,"BRN",11
"Bulgaria",50,54,100,"BGR",99
"Burkina Faso",50,54,854,"BFA",25
"Burundi",50,54,108,"BDI",14
"Cambodia",50,54,116,"KHM",73
"Cameroon",50,54,120,"CMR",42
"Canada",50,54,124,"CAN",578
"Cape Verde",50,54,132,"CPV",2
"Central African Republic",50,54,140,"CAF",6
"Chad",50,54,148,"TCD",19
"Chile",50,54,152,"CHL",126
"China",50,54,156,"CHN",23524
"Colombia",50,54,170,"COL",243
"Comoros",50,54,174,"COM",0
"Congo, Democratic Republic of",50,54,180,"COD",140
"Congo, Republic of",50,54,178,"COG",13
"Costa Rica",50,54,188,"CRI",26
"Côte d'Ivoire",50,54,384,"CIV",30
"Croatia",50,54,191,"HRV",77
"Cuba",50,54,192,"CUB",64
"Cyprus",50,54,196,"CYP",10
"Czechia",50,54,203,"CZE",158
"Denmark",50,54,208,"DNK",89
"Djibouti",50,54,262,"DJI",3
"Dominican Republic",50,54,214,"DOM",16
"Ecuador",50,54,218,"ECU",59
"Egypt",50,54,818,"EGY",201
"El Salvador",50,54,222,"SLV",18
"Equatorial Guinea",50,54,226,"GNQ",1
"Eritrea",50,54,232,"ERI",7
"Estonia",50,54,233,"EST",14
"Eswatini",50,54,748,"SWZ",1
"Ethiopia",50,54,231,"ETH",298
"Fiji",50,54,242,"FJI",6
"Finland",50,54,246,"FIN",55
"France (metropolitan)",50,54,250,"FRA",887
"France, Guadeloupe",50,54,312,"GLP",5
"France, La Réunion",50,54,638,"REU",9
"France, Martinique",50,54,474,"MTQ",4
"French Guyana",50,54,254,"GUF",1
"French Polynesia",50,54,258,"PYF",2
"Gabon",50,54,266,"GAB",2
"Gaza Strip and West Bank",50,54,275,"PSE",21
"Georgia",50,54,268,"GEO",29
"Germany",50,54,276,"DEU",1088
"Ghana",50,54,288,"GHA",62
"Greece",50,54,300,"GRC",50
"Guam",50,54,316,"GUM",2
"Guatemala",50,54,320,"GTM",7
"Guinea",50,54,324,"GIN",5
"Guinea-Bissau",50,54,624,"GNB",2
"Guyana",50,54,328,"GUY",0
"Haiti",50,54,332,"HTI",15
"Honduras",50,54,340,"HND",17
"Hungary",50,54,348,"HUN",269
"Iceland",50,54,352,"ISL",3
"India",50,54,356,"IND",2973
"Indonesia",50,54,360,"IDN",1830
"Iran, Islamic Republic of",50,54,364,"IRN",426
"Iraq",50,54,368,"IRQ",102
"Ireland",50,54,372,"IRL",70
"Israel",50,54,376,"ISR",85
"Italy",50,54,380,"ITA",768
"Jamaica",50,54,388,"JAM",17
"Japan",50,54,392,"JPN",2322
"Jordan",50,54,400,"JOR",49
"Kazakhstan",50,54,398,"KAZ",115
"Kenya",50,54,404,"KEN",130
"Korea, Democratic People Republic of",50,54,408,"PRK",412
"Korea, Republic of",50,54,410,"KOR",1041
"Kuwait",50,54,414,"KWT",19
"Kyrgyzstan",50,54,417,"KGZ",15
"Lao People's Democratic Republic",50,54,418,"LAO",39
"Latvia",50,54,428,"LVA",20
"Lebanon",50,54,422,"LBN",29
"Lesotho",50,54,426,"LSO",3
"Liberia",50,54,430,"LBR",4
"Libya",50,54,434,"LBY",41
"Lithuania",50,54,440,"LTU",25
"Luxembourg",50,54,442,"LUX",9
"Madagascar",50,54,450,"MDG",25
"Malawi",50,54,454,"MWI",25
"Malaysia",50,54,458,"MYS",291
"Maldives",50,54,462,"MDV",3
"Mali",50,54,466,"MLI",43
"Malta",50,54,470,"MLT",5
"Mauritania",50,54,478,"MRT",7
"Mauritius",50,54,480,"MUS",8
"Mexico",50,54,484,"MEX",380
"Mongolia",50,54,496,"MNG",4
"Montenegro",50,54,499,"MNE",8
"Morocco",50,54,504,"MAR",212
"Mozambique",50,54,508,"MOZ",11
"Myanmar",50,54,104,"MMR",224
"Namibia",50,54,516,"NAM",5
"Nepal",50,54,524,"NPL",38
"New Caledonia",50,54,540,"NCL",2
"New Zealand",50,54,554,"NZL",72
"Nicaragua",50,54,558,"NIC",10
"Niger",50,54,562,"NER",13
"Nigeria",50,54,566,"NGA",343
"North Macedonia",50,54,807,"MKD",34
"Norway",50,54,578,"NOR",87
"Oman",50,54,512,"OMN",20
"Pakistan",50,54,586,"PAK",315
"Panama",50,54,591,"PAN",17
"Papua New Guinea",50,54,598,"PNG",28
"Paraguay",50,54,600,"PRY",21
"Peru",50,54,604,"PER",73
"Philippines",50,54,608,"PHL",665
"Poland",50,54,616,"POL",504
"Portugal",50,54,620,"PRT",188
"Puerto Rico",50,54,630,"PRI",34
"Qatar",50,54,634,"QAT",7
"Republic of Moldova",50,54,498,"MDA",51
"Romania",50,54,642,"ROU",452
"Russian Federation",50,54,643,"RUS",1648
"Rwanda",50,54,646,"RWA",19
"Saint Lucia",50,54,662,"LCA",0
"Samoa",50,54,882,"WSM",3
"Sao Tome and Principe",50,54,678,"STP",0
"Saudi Arabia",50,54,682,"SAU",261
"Senegal",50,54,686,"SEN",24
"Serbia",50,54,688,"SRB",191
"Sierra Leone",50,54,694,"SLE",0
"Singapore",50,54,702,"SGP",111
"Slovakia",50,54,703,"SVK",91
"Slovenia",50,54,705,"SVN",35
"Solomon Islands",50,54,90,"SLB",3
"Somalia",50,54,706,"SOM",33
"South Africa",50,54,710,"ZAF",324
"South Sudan",50,54,728,"SSD",17
"Spain",50,54,724,"ESP",862
"Sri Lanka",50,54,144,"LKA",98
"Sudan",50,54,729,"SDN",47
"Suriname",50,54,740,"SUR",2
"Sweden",50,54,752,"SWE",115
"Switzerland",50,54,756,"CHE",127
"Syrian Arab Republic",50,54,760,"SYR",37
"Tajikistan",50,54,762,"TJK",15
"Tanzania, United Republic of",50,54,834,"TZA",73
"Thailand",50,54,764,"THA",789
"The Netherlands",50,54,528,"NLD",304
"The Republic of the Gambia",50,54,270,"GMB",2
"Timor-Leste",50,54,626,"TLS",4
"Togo",50,54,768,"TGO",12
"Total",50,54,NA,"",61235
"Trinidad and Tobago",50,54,780,"TTO",11
"Tunisia",50,54,788,"TUN",69
"Türkiye",50,54,792,"TUR",720
"Turkmenistan",50,54,795,"TKM",19
"Uganda",50,54,800,"UGA",66
"Ukraine",50,54,804,"UKR",607
"United Arab Emirates",50,54,784,"ARE",24
"United Kingdom",50,54,826,"GBR",886
"United States of America",50,54,840,"USA",5183
"Uruguay",50,54,858,"URY",32
"Uzbekistan",50,54,860,"UZB",141
"Vanuatu",50,54,548,"VUT",2
"Venezuela",50,54,862,"VEN",180
"Viet Nam",50,54,704,"VNM",878
"Yemen",50,54,887,"YEM",58
"Zambia",50,54,894,"ZMB",32
"Zimbabwe",50,54,716,"ZWE",22
"Afghanistan",55,59,4,"AFG",59
"Albania",55,59,8,"ALB",30
"Algeria",55,59,12,"DZA",407
"Angola",55,59,24,"AGO",25
"Argentina",55,59,32,"ARG",309
"Armenia",55,59,51,"ARM",22
"Australia",55,59,36,"AUS",512
"Austria",55,59,40,"AUT",165
"Azerbaijan",55,59,31,"AZE",103
"Bahamas",55,59,44,"BHS",2
"Bahrain",55,59,48,"BHR",7
"Bangladesh",55,59,50,"BGD",279
"Barbados",55,59,52,"BRB",3
"Belarus",55,59,112,"BLR",234
"Belgium",55,59,56,"BEL",212
"Belize",55,59,84,"BLZ",0
"Benin",55,59,204,"BEN",23
"Bhutan",55,59,64,"BTN",3
"Bolivia (Plurinational State of)",55,59,68,"BOL",20
"Bosnia Herzegovina",55,59,70,"BIH",91
"Botswana",55,59,72,"BWA",3
"Brazil",55,59,76,"BRA",2692
"Brunei Darussalam",55,59,96,"BRN",12
"Bulgaria",55,59,100,"BGR",155
"Burkina Faso",55,59,854,"BFA",0
"Burundi",55,59,108,"BDI",19
"Cambodia",55,59,116,"KHM",105
"Cameroon",55,59,120,"CMR",48
"Canada",55,59,124,"CAN",825
"Cape Verde",55,59,132,"CPV",1
"Central African Republic",55,59,140,"CAF",8
"Chad",55,59,148,"TCD",0
"Chile",55,59,152,"CHL",192
"China",55,59,156,"CHN",26951
"Colombia",55,59,170,"COL",340
"Comoros",55,59,174,"COM",1
"Congo, Democratic Republic of",55,59,180,"COD",158
"Congo, Republic of",55,59,178,"COG",13
"Costa Rica",55,59,188,"CRI",42
"Côte d'Ivoire",55,59,384,"CIV",40
"Croatia",55,59,191,"HRV",138
"Cuba",55,59,192,"CUB",109
"Cyprus",55,59,196,"CYP",15
"Czechia",55,59,203,"CZE",256
"Denmark",55,59,208,"DNK",166
"Djibouti",55,59,262,"DJI",3
"Dominican Republic",55,59,214,"DOM",31
"Ecuador",55,59,218,"ECU",74
"Egypt",55,59,818,"EGY",219
"El Salvador",55,59,222,"SLV",13
"Equatorial Guinea",55,59,226,"GNQ",2
"Eritrea",55,59,232,"ERI",7
"Estonia",55,59,233,"EST",25
"Eswatini",55,59,748,"SWZ",0
"Ethiopia",55,59,231,"ETH",280
"Fiji",55,59,242,"FJI",3
"Finland",55,59,246,"FIN",103
"France (metropolitan)",55,59,250,"FRA",1353
"France, Guadeloupe",55,59,312,"GLP",8
"France, La Réunion",55,59,638,"REU",14
"France, Martinique",55,59,474,"MTQ",5
"French Guyana",55,59,254,"GUF",3
"French Polynesia",55,59,258,"PYF",2
"Gabon",55,59,266,"GAB",4
"Gaza Strip and West Bank",55,59,275,"PSE",25
"Georgia",55,59,268,"GEO",53
"Germany",55,59,276,"DEU",2018
"Ghana",55,59,288,"GHA",66
"Greece",55,59,300,"GRC",77
"Guam",55,59,316,"GUM",2
"Guatemala",55,59,320,"GTM",6
"Guinea",55,59,324,"GIN",7
"Guinea-Bissau",55,59,624,"GNB",2
"Guyana",55,59,328,"GUY",4
"Haiti",55,59,332,"HTI",20
"Honduras",55,59,340,"HND",29
"Hungary",55,59,348,"HUN",354
"Iceland",55,59,352,"ISL",8
"India",55,59,356,"IND",3928
"Indonesia",55,59,360,"IDN",2340
"Iran, Islamic Republic of",55,59,364,"IRN",507
"Iraq",55,59,368,"IRQ",99
"Ireland",55,59,372,"IRL",105
"Israel",55,59,376,"ISR",95
"Italy",55,59,380,"ITA",1099
"Jamaica",55,59,388,"JAM",23
"Japan",55,59,392,"JPN",3553
"Jordan",55,59,400,"JOR",48
"Kazakhstan",55,59,398,"KAZ",215
"Kenya",55,59,404,"KEN",156
"Korea, Democratic People Republic of",55,59,408,"PRK",521
"Korea, Republic of",55,59,410,"KOR",1385
"Kuwait",55,59,414,"KWT",24
"Kyrgyzstan",55,59,417,"KGZ",24
"Lao People's Democratic Republic",55,59,418,"LAO",45
"Latvia",55,59,428,"LVA",35
"Lebanon",55,59,422,"LBN",34
"Lesotho",55,59,426,"LSO",3
"Liberia",55,59,430,"LBR",5
"Libya",55,59,434,"LBY",32
"Lithuania",55,59,440,"LTU",47
"Luxembourg",55,59,442,"LUX",10
"Madagascar",55,59,450,"MDG",32
"Malawi",55,59,454,"MWI",8
"Malaysia",55,59,458,"MYS",385
"Maldives",55,59,462,"MDV",3
"Mali",55,59,466,"MLI",39
"Malta",55,59,470,"MLT",6
"Mauritania",55,59,478,"MRT",8
"Mauritius",55,59,480,"MUS",13
"Mexico",55,59,484,"MEX",474
"Mongolia",55,59,496,"MNG",7
"Montenegro",55,59,499,"MNE",9
"Morocco",55,59,504,"MAR",289
"Mozambique",55,59,508,"MOZ",18
"Myanmar",55,59,104,"MMR",287
"Namibia",55,59,516,"NAM",6
"Nepal",55,59,524,"NPL",44
"New Caledonia",55,59,540,"NCL",4
"New Zealand",55,59,554,"NZL",122
"Nicaragua",55,59,558,"NIC",13
"Niger",55,59,562,"NER",27
"Nigeria",55,59,566,"NGA",470
"North Macedonia",55,59,807,"MKD",54
"Norway",55,59,578,"NOR",137
"Oman",55,59,512,"OMN",18
"Pakistan",55,59,586,"PAK",358
"Panama",55,59,591,"PAN",26
"Papua New Guinea",55,59,598,"PNG",40
"Paraguay",55,59,600,"PRY",29
"Peru",55,59,604,"PER",90
"Philippines",55,59,608,"PHL",928
"Poland",55,59,616,"POL",872
"Portugal",55,59,620,"PRT",281
"Puerto Rico",55,59,630,"PRI",50
"Qatar",55,59,634,"QAT",3
"Republic of Moldova",55,59,498,"MDA",92
"Romania",55,59,642,"ROU",515
"Russian Federation",55,59,643,"RUS",2894
"Rwanda",55,59,646,"RWA",27
"Saint Lucia",55,59,662,"LCA",2
"Samoa",55,59,882,"WSM",3
"Sao Tome and Principe",55,59,678,"STP",0
"Saudi Arabia",55,59,682,"SAU",243
"Senegal",55,59,686,"SEN",25
"Serbia",55,59,688,"SRB",296
"Sierra Leone",55,59,694,"SLE",1
"Singapore",55,59,702,"SGP",174
"Slovakia",55,59,703,"SVK",157
"Slovenia",55,59,705,"SVN",58
"Solomon Islands",55,59,90,"SLB",0
"Somalia",55,59,706,"SOM",38
"South Africa",55,59,710,"ZAF",394
"South Sudan",55,59,728,"SSD",20
"Spain",55,59,724,"ESP",1308
"Sri Lanka",55,59,144,"LKA",158
"Sudan",55,59,729,"SDN",64
"Suriname",55,59,740,"SUR",3
"Sweden",55,59,752,"SWE",193
"Switzerland",55,59,756,"CHE",203
"Syrian Arab Republic",55,59,760,"SYR",42
"Tajikistan",55,59,762,"TJK",21
"Tanzania, United Republic of",55,59,834,"TZA",86
"Thailand",55,59,764,"THA",1125
"The Netherlands",55,59,528,"NLD",530
"The Republic of the Gambia",55,59,270,"GMB",2
"Timor-Leste",55,59,626,"TLS",5
"Togo",55,59,768,"TGO",13
"Total",55,59,NA,"",79898
"Trinidad and Tobago",55,59,780,"TTO",15
"Tunisia",55,59,788,"TUN",92
"Türkiye",55,59,792,"TUR",952
"Turkmenistan",55,59,795,"TKM",24
"Uganda",55,59,800,"UGA",91
"Ukraine",55,59,804,"UKR",1061
"United Arab Emirates",55,59,784,"ARE",37
"United Kingdom",55,59,826,"GBR",1480
"United States of America",55,59,840,"USA",6397
"Uruguay",55,59,858,"URY",49
"Uzbekistan",55,59,860,"UZB",193
"Vanuatu",55,59,548,"VUT",0
"Venezuela",55,59,862,"VEN",273
"Viet Nam",55,59,704,"VNM",1325
"Yemen",55,59,887,"YEM",61
"Zambia",55,59,894,"ZMB",30
"Zimbabwe",55,59,716,"ZWE",28
"Afghanistan",60,64,4,"AFG",63
"Albania",60,64,8,"ALB",38
"Algeria",60,64,12,"DZA",444
"Angola",60,64,24,"AGO",51
"Argentina",60,64,32,"ARG",382
"Armenia",60,64,51,"ARM",40
"Australia",60,64,36,"AUS",626
"Austria",60,64,40,"AUT",194
"Azerbaijan",60,64,31,"AZE",122
"Bahamas",60,64,44,"BHS",2
"Bahrain",60,64,48,"BHR",9
"Bangladesh",60,64,50,"BGD",263
"Barbados",60,64,52,"BRB",5
"Belarus",60,64,112,"BLR",416
"Belgium",60,64,56,"BEL",289
"Belize",60,64,84,"BLZ",0
"Benin",60,64,204,"BEN",19
"Bhutan",60,64,64,"BTN",2
"Bolivia (Plurinational State of)",60,64,68,"BOL",17
"Bosnia Herzegovina",60,64,70,"BIH",139
"Botswana",60,64,72,"BWA",4
"Brazil",60,64,76,"BRA",3143
"Brunei Darussalam",60,64,96,"BRN",13
"Bulgaria",60,64,100,"BGR",252
"Burkina Faso",60,64,854,"BFA",0
"Burundi",60,64,108,"BDI",24
"Cambodia",60,64,116,"KHM",101
"Cameroon",60,64,120,"CMR",44
"Canada",60,64,124,"CAN",1020
"Cape Verde",60,64,132,"CPV",0
"Central African Republic",60,64,140,"CAF",8
"Chad",60,64,148,"TCD",8
"Chile",60,64,152,"CHL",262
"China",60,64,156,"CHN",29235
"Colombia",60,64,170,"COL",403
"Comoros",60,64,174,"COM",1
"Congo, Democratic Republic of",60,64,180,"COD",158
"Congo, Republic of",60,64,178,"COG",10
"Costa Rica",60,64,188,"CRI",49
"Côte d'Ivoire",60,64,384,"CIV",40
"Croatia",60,64,191,"HRV",218
"Cuba",60,64,192,"CUB",129
"Cyprus",60,64,196,"CYP",19
"Czechia",60,64,203,"CZE",338
"Denmark",60,64,208,"DNK",218
"Djibouti",60,64,262,"DJI",3
"Dominican Republic",60,64,214,"DOM",23
"Ecuador",60,64,218,"ECU",79
"Egypt",60,64,818,"EGY",217
"El Salvador",60,64,222,"SLV",9
"Equatorial Guinea",60,64,226,"GNQ",2
"Eritrea",60,64,232,"ERI",8
"Estonia",60,64,233,"EST",43
"Eswatini",60,64,748,"SWZ",1
"Ethiopia",60,64,231,"ETH",290
"Fiji",60,64,242,"FJI",9
"Finland",60,64,246,"FIN",149
"France (metropolitan)",60,64,250,"FRA",1872
"France, Guadeloupe",60,64,312,"GLP",9
"France, La Réunion",60,64,638,"REU",17
"France, Martinique",60,64,474,"MTQ",7
"French Guyana",60,64,254,"GUF",1
"French Polynesia",60,64,258,"PYF",2
"Gabon",60,64,266,"GAB",5
"Gaza Strip and West Bank",60,64,275,"PSE",24
"Georgia",60,64,268,"GEO",82
"Germany",60,64,276,"DEU",2624
"Ghana",60,64,288,"GHA",53
"Greece",60,64,300,"GRC",109
"Guam",60,64,316,"GUM",2
"Guatemala",60,64,320,"GTM",8
"Guinea",60,64,324,"GIN",10
"Guinea-Bissau",60,64,624,"GNB",2
"Guyana",60,64,328,"GUY",0
"Haiti",60,64,332,"HTI",22
"Honduras",60,64,340,"HND",20
"Hungary",60,64,348,"HUN",478
"Iceland",60,64,352,"ISL",5
"India",60,64,356,"IND",4638
"Indonesia",60,64,360,"IDN",2551
"Iran, Islamic Republic of",60,64,364,"IRN",554
"Iraq",60,64,368,"IRQ",85
"Ireland",60,64,372,"IRL",140
"Israel",60,64,376,"ISR",108
"Italy",60,64,380,"ITA",1357
"Jamaica",60,64,388,"JAM",26
"Japan",60,64,392,"JPN",5109
"Jordan",60,64,400,"JOR",40
"Kazakhstan",60,64,398,"KAZ",301
"Kenya",60,64,404,"KEN",161
"Korea, Democratic People Republic of",60,64,408,"PRK",671
"Korea, Republic of",60,64,410,"KOR",1683
"Kuwait",60,64,414,"KWT",24
"Kyrgyzstan",60,64,417,"KGZ",37
"Lao People's Democratic Republic",60,64,418,"LAO",46
"Latvia",60,64,428,"LVA",63
"Lebanon",60,64,422,"LBN",37
"Lesotho",60,64,426,"LSO",4
"Liberia",60,64,430,"LBR",5
"Libya",60,64,434,"LBY",24
"Lithuania",60,64,440,"LTU",80
"Luxembourg",60,64,442,"LUX",11
"Madagascar",60,64,450,"MDG",42
"Malawi",60,64,454,"MWI",22
"Malaysia",60,64,458,"MYS",453
"Maldives",60,64,462,"MDV",3
"Mali",60,64,466,"MLI",36
"Malta",60,64,470,"MLT",8
"Mauritania",60,64,478,"MRT",8
"Mauritius",60,64,480,"MUS",17
"Mexico",60,64,484,"MEX",541
"Mongolia",60,64,496,"MNG",7
"Montenegro",60,64,499,"MNE",13
"Morocco",60,64,504,"MAR",359
"Mozambique",60,64,508,"MOZ",26
"Myanmar",60,64,104,"MMR",348
"Namibia",60,64,516,"NAM",6
"Nepal",60,64,524,"NPL",49
"New Caledonia",60,64,540,"NCL",5
"New Zealand",60,64,554,"NZL",175
"Nicaragua",60,64,558,"NIC",18
"Niger",60,64,562,"NER",27
"Nigeria",60,64,566,"NGA",509
"North Macedonia",60,64,807,"MKD",72
"Norway",60,64,578,"NOR",185
"Oman",60,64,512,"OMN",16
"Pakistan",60,64,586,"PAK",380
"Panama",60,64,591,"PAN",32
"Papua New Guinea",60,64,598,"PNG",49
"Paraguay",60,64,600,"PRY",38
"Peru",60,64,604,"PER",98
"Philippines",60,64,608,"PHL",1091
"Poland",60,64,616,"POL",1565
"Portugal",60,64,620,"PRT",386
"Puerto Rico",60,64,630,"PRI",67
"Qatar",60,64,634,"QAT",13
"Republic of Moldova",60,64,498,"MDA",157
"Romania",60,64,642,"ROU",768
"Russian Federation",60,64,643,"RUS",5189
"Rwanda",60,64,646,"RWA",27
"Saint Lucia",60,64,662,"LCA",3
"Samoa",60,64,882,"WSM",3
"Sao Tome and Principe",60,64,678,"STP",1
"Saudi Arabia",60,64,682,"SAU",209
"Senegal",60,64,686,"SEN",25
"Serbia",60,64,688,"SRB",390
"Sierra Leone",60,64,694,"SLE",1
"Singapore",60,64,702,"SGP",245
"Slovakia",60,64,703,"SVK",241
"Slovenia",60,64,705,"SVN",77
"Solomon Islands",60,64,90,"SLB",2
"Somalia",60,64,706,"SOM",39
"South Africa",60,64,710,"ZAF",391
"South Sudan",60,64,728,"SSD",20
"Spain",60,64,724,"ESP",1638
"Sri Lanka",60,64,144,"LKA",205
"Sudan",60,64,729,"SDN",84
"Suriname",60,64,740,"SUR",1
"Sweden",60,64,752,"SWE",253
"Switzerland",60,64,756,"CHE",234
"Syrian Arab Republic",60,64,760,"SYR",22
"Tajikistan",60,64,762,"TJK",22
"Tanzania, United Republic of",60,64,834,"TZA",77
"Thailand",60,64,764,"THA",1401
"The Netherlands",60,64,528,"NLD",761
"The Republic of the Gambia",60,64,270,"GMB",2
"Timor-Leste",60,64,626,"TLS",5
"Togo",60,64,768,"TGO",12
"Total",60,64,NA,"",96569
"Trinidad and Tobago",60,64,780,"TTO",20
"Tunisia",60,64,788,"TUN",102
"Türkiye",60,64,792,"TUR",1137
"Turkmenistan",60,64,795,"TKM",27
"Uganda",60,64,800,"UGA",91
"Ukraine",60,64,804,"UKR",1716
"United Arab Emirates",60,64,784,"ARE",38
"United Kingdom",60,64,826,"GBR",1911
"United States of America",60,64,840,"USA",7172
"Uruguay",60,64,858,"URY",70
"Uzbekistan",60,64,860,"UZB",238
"Vanuatu",60,64,548,"VUT",2
"Venezuela",60,64,862,"VEN",326
"Viet Nam",60,64,704,"VNM",1670
"Yemen",60,64,887,"YEM",64
"Zambia",60,64,894,"ZMB",26
"Zimbabwe",60,64,716,"ZWE",32
"Afghanistan",65,69,4,"AFG",60
"Albania",65,69,8,"ALB",35
"Algeria",65,69,12,"DZA",434
"Angola",65,69,24,"AGO",85
"Argentina",65,69,32,"ARG",425
"Armenia",65,69,51,"ARM",53
"Australia",65,69,36,"AUS",670
"Austria",65,69,40,"AUT",195
"Azerbaijan",65,69,31,"AZE",99
"Bahamas",65,69,44,"BHS",5
"Bahrain",65,69,48,"BHR",7
"Bangladesh",65,69,50,"BGD",215
"Barbados",65,69,52,"BRB",2
"Belarus",65,69,112,"BLR",506
"Belgium",65,69,56,"BEL",321
"Belize",65,69,84,"BLZ",0
"Benin",65,69,204,"BEN",15
"Bhutan",65,69,64,"BTN",2
"Bolivia (Plurinational State of)",65,69,68,"BOL",24
"Bosnia Herzegovina",65,69,70,"BIH",173
"Botswana",65,69,72,"BWA",4
"Brazil",65,69,76,"BRA",3250
"Brunei Darussalam",65,69,96,"BRN",11
"Bulgaria",65,69,100,"BGR",333
"Burkina Faso",65,69,854,"BFA",0
"Burundi",65,69,108,"BDI",23
"Cambodia",65,69,116,"KHM",97
"Cameroon",65,69,120,"CMR",36
"Canada",65,69,124,"CAN",1025
"Cape Verde",65,69,132,"CPV",2
"Central African Republic",65,69,140,"CAF",7
"Chad",65,69,148,"TCD",12
"Chile",65,69,152,"CHL",314
"China",65,69,156,"CHN",45066
"Colombia",65,69,170,"COL",431
"Comoros",65,69,174,"COM",2
"Congo, Democratic Republic of",65,69,180,"COD",150
"Congo, Republic of",65,69,178,"COG",6
"Costa Rica",65,69,188,"CRI",46
"Côte d'Ivoire",65,69,384,"CIV",29
"Croatia",65,69,191,"HRV",287
"Cuba",65,69,192,"CUB",133
"Cyprus",65,69,196,"CYP",20
"Czechia",65,69,203,"CZE",492
"Denmark",65,69,208,"DNK",282
"Djibouti",65,69,262,"DJI",3
"Dominican Republic",65,69,214,"DOM",44
"Ecuador",65,69,218,"ECU",78
"Egypt",65,69,818,"EGY",181
"El Salvador",65,69,222,"SLV",9
"Equatorial Guinea",65,69,226,"GNQ",0
"Eritrea",65,69,232,"ERI",8
"Estonia",65,69,233,"EST",58
"Eswatini",65,69,748,"SWZ",2
"Ethiopia",65,69,231,"ETH",290
"Fiji",65,69,242,"FJI",7
"Finland",65,69,246,"FIN",206
"France (metropolitan)",65,69,250,"FRA",2391
"France, Guadeloupe",65,69,312,"GLP",9
"France, La Réunion",65,69,638,"REU",18
"France, Martinique",65,69,474,"MTQ",8
"French Guyana",65,69,254,"GUF",2
"French Polynesia",65,69,258,"PYF",3
"Gabon",65,69,266,"GAB",1
"Gaza Strip and West Bank",65,69,275,"PSE",20
"Georgia",65,69,268,"GEO",104
"Germany",65,69,276,"DEU",2917
"Ghana",65,69,288,"GHA",37
"Greece",65,69,300,"GRC",146
"Guam",65,69,316,"GUM",2
"Guatemala",65,69,320,"GTM",10
"Guinea",65,69,324,"GIN",12
"Guinea-Bissau",65,69,624,"GNB",2
"Guyana",65,69,328,"GUY",4
"Haiti",65,69,332,"HTI",21
"Honduras",65,69,340,"HND",19
"Hungary",65,69,348,"HUN",671
"Iceland",65,69,352,"ISL",7
"India",65,69,356,"IND",4636
"Indonesia",65,69,360,"IDN",2315
"Iran, Islamic Republic of",65,69,364,"IRN",531
"Iraq",65,69,368,"IRQ",95
"Ireland",65,69,372,"IRL",161
"Israel",65,69,376,"ISR",111
"Italy",65,69,380,"ITA",1740
"Jamaica",65,69,388,"JAM",24
"Japan",65,69,392,"JPN",6815
"Jordan",65,69,400,"JOR",31
"Kazakhstan",65,69,398,"KAZ",317
"Kenya",65,69,404,"KEN",124
"Korea, Democratic People Republic of",65,69,408,"PRK",567
"Korea, Republic of",65,69,410,"KOR",1633
"Kuwait",65,69,414,"KWT",19
"Kyrgyzstan",65,69,417,"KGZ",41
"Lao People's Democratic Republic",65,69,418,"LAO",43
"Latvia",65,69,428,"LVA",80
"Lebanon",65,69,422,"LBN",38
"Lesotho",65,69,426,"LSO",5
"Liberia",65,69,430,"LBR",5
"Libya",65,69,434,"LBY",27
"Lithuania",65,69,440,"LTU",87
"Luxembourg",65,69,442,"LUX",10
"Madagascar",65,69,450,"MDG",53
"Malawi",65,69,454,"MWI",17
"Malaysia",65,69,458,"MYS",433
"Maldives",65,69,462,"MDV",3
"Mali",65,69,466,"MLI",38
"Malta",65,69,470,"MLT",12
"Mauritania",65,69,478,"MRT",6
"Mauritius",65,69,480,"MUS",19
"Mexico",65,69,484,"MEX",532
"Mongolia",65,69,496,"MNG",5
"Montenegro",65,69,499,"MNE",15
"Morocco",65,69,504,"MAR",329
"Mozambique",65,69,508,"MOZ",33
"Myanmar",65,69,104,"MMR",402
"Namibia",65,69,516,"NAM",6
"Nepal",65,69,524,"NPL",56
"New Caledonia",65,69,540,"NCL",5
"New Zealand",65,69,554,"NZL",206
"Nicaragua",65,69,558,"NIC",19
"Niger",65,69,562,"NER",17
"Nigeria",65,69,566,"NGA",428
"North Macedonia",65,69,807,"MKD",80
"Norway",65,69,578,"NOR",240
"Oman",65,69,512,"OMN",12
"Pakistan",65,69,586,"PAK",350
"Panama",65,69,591,"PAN",31
"Papua New Guinea",65,69,598,"PNG",43
"Paraguay",65,69,600,"PRY",41
"Peru",65,69,604,"PER",110
"Philippines",65,69,608,"PHL",1095
"Poland",65,69,616,"POL",2163
"Portugal",65,69,620,"PRT",489
"Puerto Rico",65,69,630,"PRI",71
"Qatar",65,69,634,"QAT",6
"Republic of Moldova",65,69,498,"MDA",162
"Romania",65,69,642,"ROU",1011
"Russian Federation",65,69,643,"RUS",5879
"Rwanda",65,69,646,"RWA",21
"Saint Lucia",65,69,662,"LCA",1
"Samoa",65,69,882,"WSM",3
"Sao Tome and Principe",65,69,678,"STP",0
"Saudi Arabia",65,69,682,"SAU",159
"Senegal",65,69,686,"SEN",25
"Serbia",65,69,688,"SRB",457
"Sierra Leone",65,69,694,"SLE",0
"Singapore",65,69,702,"SGP",281
"Slovakia",65,69,703,"SVK",322
"Slovenia",65,69,705,"SVN",103
"Solomon Islands",65,69,90,"SLB",2
"Somalia",65,69,706,"SOM",34
"South Africa",65,69,710,"ZAF",394
"South Sudan",65,69,728,"SSD",17
"Spain",65,69,724,"ESP",1810
"Sri Lanka",65,69,144,"LKA",218
"Sudan",65,69,729,"SDN",89
"Suriname",65,69,740,"SUR",1
"Sweden",65,69,752,"SWE",336
"Switzerland",65,69,756,"CHE",243
"Syrian Arab Republic",65,69,760,"SYR",74
"Tajikistan",65,69,762,"TJK",18
"Tanzania, United Republic of",65,69,834,"TZA",86
"Thailand",65,69,764,"THA",1461
"The Netherlands",65,69,528,"NLD",912
"The Republic of the Gambia",65,69,270,"GMB",1
"Timor-Leste",65,69,626,"TLS",3
"Togo",65,69,768,"TGO",9
"Total",65,69,NA,"",117833
"Trinidad and Tobago",65,69,780,"TTO",21
"Tunisia",65,69,788,"TUN",103
"Türkiye",65,69,792,"TUR",1182
"Turkmenistan",65,69,795,"TKM",25
"Uganda",65,69,800,"UGA",74
"Ukraine",65,69,804,"UKR",1849
"United Arab Emirates",65,69,784,"ARE",23
"United Kingdom",65,69,826,"GBR",2156
"United States of America",65,69,840,"USA",6495
"Uruguay",65,69,858,"URY",82
"Uzbekistan",65,69,860,"UZB",221
"Vanuatu",65,69,548,"VUT",2
"Venezuela",65,69,862,"VEN",285
"Viet Nam",65,69,704,"VNM",1569
"Yemen",65,69,887,"YEM",60
"Zambia",65,69,894,"ZMB",22
"Zimbabwe",65,69,716,"ZWE",38
"Afghanistan",70,74,4,"AFG",50
"Albania",70,74,8,"ALB",32
"Algeria",70,74,12,"DZA",338
"Angola",70,74,24,"AGO",6
"Argentina",70,74,32,"ARG",419
"Armenia",70,74,51,"ARM",49
"Australia",70,74,36,"AUS",695
"Austria",70,74,40,"AUT",198
"Azerbaijan",70,74,31,"AZE",57
"Bahamas",70,74,44,"BHS",4
"Bahrain",70,74,48,"BHR",4
"Bangladesh",70,74,50,"BGD",201
"Barbados",70,74,52,"BRB",6
"Belarus",70,74,112,"BLR",461
"Belgium",70,74,56,"BEL",335
"Belize",70,74,84,"BLZ",0
"Benin",70,74,204,"BEN",13
"Bhutan",70,74,64,"BTN",2
"Bolivia (Plurinational State of)",70,74,68,"BOL",31
"Bosnia Herzegovina",70,74,70,"BIH",145
"Botswana",70,74,72,"BWA",2
"Brazil",70,74,76,"BRA",3051
"Brunei Darussalam",70,74,96,"BRN",7
"Bulgaria",70,74,100,"BGR",344
"Burkina Faso",70,74,854,"BFA",0
"Burundi",70,74,108,"BDI",16
"Cambodia",70,74,116,"KHM",95
"Cameroon",70,74,120,"CMR",27
"Canada",70,74,124,"CAN",969
"Cape Verde",70,74,132,"CPV",1
"Central African Republic",70,74,140,"CAF",5
"Chad",70,74,148,"TCD",0
"Chile",70,74,152,"CHL",304
"China",70,74,156,"CHN",38374
"Colombia",70,74,170,"COL",396
"Comoros",70,74,174,"COM",2
"Congo, Democratic Republic of",70,74,180,"COD",137
"Congo, Republic of",70,74,178,"COG",4
"Costa Rica",70,74,188,"CRI",43
"Côte d'Ivoire",70,74,384,"CIV",21
"Croatia",70,74,191,"HRV",275
"Cuba",70,74,192,"CUB",128
"Cyprus",70,74,196,"CYP",21
"Czechia",70,74,203,"CZE",540
"Denmark",70,74,208,"DNK",336
"Djibouti",70,74,262,"DJI",2
"Dominican Republic",70,74,214,"DOM",21
"Ecuador",70,74,218,"ECU",69
"Egypt",70,74,818,"EGY",143
"El Salvador",70,74,222,"SLV",10
"Equatorial Guinea",70,74,226,"GNQ",1
"Eritrea",70,74,232,"ERI",8
"Estonia",70,74,233,"EST",66
"Eswatini",70,74,748,"SWZ",1
"Ethiopia",70,74,231,"ETH",202
"Fiji",70,74,242,"FJI",6
"Finland",70,74,246,"FIN",263
"France (metropolitan)",70,74,250,"FRA",2954
"France, Guadeloupe",70,74,312,"GLP",8
"France, La Réunion",70,74,638,"REU",17
"France, Martinique",70,74,474,"MTQ",9
"French Guyana",70,74,254,"GUF",1
"French Polynesia",70,74,258,"PYF",3
"Gabon",70,74,266,"GAB",2
"Gaza Strip and West Bank",70,74,275,"PSE",20
"Georgia",70,74,268,"GEO",101
"Germany",70,74,276,"DEU",3265
"Ghana",70,74,288,"GHA",32
"Greece",70,74,300,"GRC",182
"Guam",70,74,316,"GUM",2
"Guatemala",70,74,320,"GTM",9
"Guinea",70,74,324,"GIN",11
"Guinea-Bissau",70,74,624,"GNB",2
"Guyana",70,74,328,"GUY",0
"Haiti",70,74,332,"HTI",37
"Honduras",70,74,340,"HND",23
"Hungary",70,74,348,"HUN",577
"Iceland",70,74,352,"ISL",8
"India",70,74,356,"IND",3483
"Indonesia",70,74,360,"IDN",1701
"Iran, Islamic Republic of",70,74,364,"IRN",389
"Iraq",70,74,368,"IRQ",76
"Ireland",70,74,372,"IRL",162
"Israel",70,74,376,"ISR",92
"Italy",70,74,380,"ITA",2377
"Jamaica",70,74,388,"JAM",23
"Japan",70,74,392,"JPN",8195
"Jordan",70,74,400,"JOR",24
"Kazakhstan",70,74,398,"KAZ",224
"Kenya",70,74,404,"KEN",72
"Korea, Democratic People Republic of",70,74,408,"PRK",469
"Korea, Republic of",70,74,410,"KOR",1400
"Kuwait",70,74,414,"KWT",9
"Kyrgyzstan",70,74,417,"KGZ",30
"Lao People's Democratic Republic",70,74,418,"LAO",36
"Latvia",70,74,428,"LVA",87
"Lebanon",70,74,422,"LBN",29
"Lesotho",70,74,426,"LSO",4
"Liberia",70,74,430,"LBR",4
"Libya",70,74,434,"LBY",32
"Lithuania",70,74,440,"LTU",90
"Luxembourg",70,74,442,"LUX",15
"Madagascar",70,74,450,"MDG",51
"Malawi",70,74,454,"MWI",18
"Malaysia",70,74,458,"MYS",367
"Maldives",70,74,462,"MDV",1
"Mali",70,74,466,"MLI",32
"Malta",70,74,470,"MLT",15
"Mauritania",70,74,478,"MRT",5
"Mauritius",70,74,480,"MUS",18
"Mexico",70,74,484,"MEX",418
"Mongolia",70,74,496,"MNG",7
"Montenegro",70,74,499,"MNE",14
"Morocco",70,74,504,"MAR",217
"Mozambique",70,74,508,"MOZ",32
"Myanmar",70,74,104,"MMR",360
"Namibia",70,74,516,"NAM",5
"Nepal",70,74,524,"NPL",55
"New Caledonia",70,74,540,"NCL",4
"New Zealand",70,74,554,"NZL",227
"Nicaragua",70,74,558,"NIC",13
"Niger",70,74,562,"NER",9
"Nigeria",70,74,566,"NGA",300
"North Macedonia",70,74,807,"MKD",69
"Norway",70,74,578,"NOR",273
"Oman",70,74,512,"OMN",7
"Pakistan",70,74,586,"PAK",303
"Panama",70,74,591,"PAN",26
"Papua New Guinea",70,74,598,"PNG",25
"Paraguay",70,74,600,"PRY",30
"Peru",70,74,604,"PER",114
"Philippines",70,74,608,"PHL",908
"Poland",70,74,616,"POL",2053
"Portugal",70,74,620,"PRT",589
"Puerto Rico",70,74,630,"PRI",72
"Qatar",70,74,634,"QAT",3
"Republic of Moldova",70,74,498,"MDA",132
"Romania",70,74,642,"ROU",937
"Russian Federation",70,74,643,"RUS",5177
"Rwanda",70,74,646,"RWA",13
"Saint Lucia",70,74,662,"LCA",0
"Samoa",70,74,882,"WSM",2
"Sao Tome and Principe",70,74,678,"STP",0
"Saudi Arabia",70,74,682,"SAU",92
"Senegal",70,74,686,"SEN",21
"Serbia",70,74,688,"SRB",454
"Sierra Leone",70,74,694,"SLE",0
"Singapore",70,74,702,"SGP",218
"Slovakia",70,74,703,"SVK",306
"Slovenia",70,74,705,"SVN",105
"Solomon Islands",70,74,90,"SLB",2
"Somalia",70,74,706,"SOM",24
"South Africa",70,74,710,"ZAF",381
"South Sudan",70,74,728,"SSD",13
"Spain",70,74,724,"ESP",2035
"Sri Lanka",70,74,144,"LKA",205
"Sudan",70,74,729,"SDN",81
"Suriname",70,74,740,"SUR",6
"Sweden",70,74,752,"SWE",418
"Switzerland",70,74,756,"CHE",259
"Syrian Arab Republic",70,74,760,"SYR",36
"Tajikistan",70,74,762,"TJK",14
"Tanzania, United Republic of",70,74,834,"TZA",104
"Thailand",70,74,764,"THA",1234
"The Netherlands",70,74,528,"NLD",997
"The Republic of the Gambia",70,74,270,"GMB",3
"Timor-Leste",70,74,626,"TLS",3
"Togo",70,74,768,"TGO",8
"Total",70,74,NA,"",107258
"Trinidad and Tobago",70,74,780,"TTO",18
"Tunisia",70,74,788,"TUN",84
"Türkiye",70,74,792,"TUR",1038
"Turkmenistan",70,74,795,"TKM",16
"Uganda",70,74,800,"UGA",49
"Ukraine",70,74,804,"UKR",1674
"United Arab Emirates",70,74,784,"ARE",13
"United Kingdom",70,74,826,"GBR",2590
"United States of America",70,74,840,"USA",5137
"Uruguay",70,74,858,"URY",87
"Uzbekistan",70,74,860,"UZB",125
"Vanuatu",70,74,548,"VUT",1
"Venezuela",70,74,862,"VEN",193
"Viet Nam",70,74,704,"VNM",993
"Yemen",70,74,887,"YEM",44
"Zambia",70,74,894,"ZMB",18
"Zimbabwe",70,74,716,"ZWE",36
"Afghanistan",75,79,4,"AFG",34
"Albania",75,79,8,"ALB",24
"Algeria",75,79,12,"DZA",236
"Angola",75,79,24,"AGO",0
"Argentina",75,79,32,"ARG",348
"Armenia",75,79,51,"ARM",28
"Australia",75,79,36,"AUS",592
"Austria",75,79,40,"AUT",174
"Azerbaijan",75,79,31,"AZE",28
"Bahamas",75,79,44,"BHS",6
"Bahrain",75,79,48,"BHR",2
"Bangladesh",75,79,50,"BGD",193
"Barbados",75,79,52,"BRB",4
"Belarus",75,79,112,"BLR",241
"Belgium",75,79,56,"BEL",292
"Belize",75,79,84,"BLZ",0
"Benin",75,79,204,"BEN",16
"Bhutan",75,79,64,"BTN",2
"Bolivia (Plurinational State of)",75,79,68,"BOL",3
"Bosnia Herzegovina",75,79,70,"BIH",83
"Botswana",75,79,72,"BWA",2
"Brazil",75,79,76,"BRA",2529
"Brunei Darussalam",75,79,96,"BRN",5
"Bulgaria",75,79,100,"BGR",257
"Burkina Faso",75,79,854,"BFA",15
"Burundi",75,79,108,"BDI",10
"Cambodia",75,79,116,"KHM",73
"Cameroon",75,79,120,"CMR",19
"Canada",75,79,124,"CAN",806
"Cape Verde",75,79,132,"CPV",1
"Central African Republic",75,79,140,"CAF",4
"Chad",75,79,148,"TCD",9
"Chile",75,79,152,"CHL",246
"China",75,79,156,"CHN",27244
"Colombia",75,79,170,"COL",304
"Comoros",75,79,174,"COM",2
"Congo, Democratic Republic of",75,79,180,"COD",106
"Congo, Republic of",75,79,178,"COG",2
"Costa Rica",75,79,188,"CRI",37
"Côte d'Ivoire",75,79,384,"CIV",15
"Croatia",75,79,191,"HRV",198
"Cuba",75,79,192,"CUB",108
"Cyprus",75,79,196,"CYP",22
"Czechia",75,79,203,"CZE",421
"Denmark",75,79,208,"DNK",348
"Djibouti",75,79,262,"DJI",2
"Dominican Republic",75,79,214,"DOM",15
"Ecuador",75,79,218,"ECU",61
"Egypt",75,79,818,"EGY",90
"El Salvador",75,79,222,"SLV",8
"Equatorial Guinea",75,79,226,"GNQ",0
"Eritrea",75,79,232,"ERI",6
"Estonia",75,79,233,"EST",52
"Eswatini",75,79,748,"SWZ",1
"Ethiopia",75,79,231,"ETH",130
"Fiji",75,79,242,"FJI",1
"Finland",75,79,246,"FIN",231
"France (metropolitan)",75,79,250,"FRA",2364
"France, Guadeloupe",75,79,312,"GLP",8
"France, La Réunion",75,79,638,"REU",13
"France, Martinique",75,79,474,"MTQ",7
"French Guyana",75,79,254,"GUF",1
"French Polynesia",75,79,258,"PYF",4
"Gabon",75,79,266,"GAB",2
"Gaza Strip and West Bank",75,79,275,"PSE",15
"Georgia",75,79,268,"GEO",70
"Germany",75,79,276,"DEU",2876
"Ghana",75,79,288,"GHA",22
"Greece",75,79,300,"GRC",188
"Guam",75,79,316,"GUM",2
"Guatemala",75,79,320,"GTM",4
"Guinea",75,79,324,"GIN",7
"Guinea-Bissau",75,79,624,"GNB",1
"Guyana",75,79,328,"GUY",2
"Haiti",75,79,332,"HTI",5
"Honduras",75,79,340,"HND",8
"Hungary",75,79,348,"HUN",420
"Iceland",75,79,352,"ISL",6
"India",75,79,356,"IND",2184
"Indonesia",75,79,360,"IDN",1243
"Iran, Islamic Republic of",75,79,364,"IRN",252
"Iraq",75,79,368,"IRQ",50
"Ireland",75,79,372,"IRL",166
"Israel",75,79,376,"ISR",66
"Italy",75,79,380,"ITA",2309
"Jamaica",75,79,388,"JAM",17
"Japan",75,79,392,"JPN",7648
"Jordan",75,79,400,"JOR",19
"Kazakhstan",75,79,398,"KAZ",122
"Kenya",75,79,404,"KEN",49
"Korea, Democratic People Republic of",75,79,408,"PRK",466
"Korea, Republic of",75,79,410,"KOR",1210
"Kuwait",75,79,414,"KWT",5
"Kyrgyzstan",75,79,417,"KGZ",15
"Lao People's Democratic Republic",75,79,418,"LAO",26
"Latvia",75,79,428,"LVA",70
"Lebanon",75,79,422,"LBN",19
"Lesotho",75,79,426,"LSO",4
"Liberia",75,79,430,"LBR",4
"Libya",75,79,434,"LBY",35
"Lithuania",75,79,440,"LTU",79
"Luxembourg",75,79,442,"LUX",5
"Madagascar",75,79,450,"MDG",38
"Malawi",75,79,454,"MWI",15
"Malaysia",75,79,458,"MYS",267
"Maldives",75,79,462,"MDV",1
"Mali",75,79,466,"MLI",23
"Malta",75,79,470,"MLT",15
"Mauritania",75,79,478,"MRT",4
"Mauritius",75,79,480,"MUS",11
"Mexico",75,79,484,"MEX",295
"Mongolia",75,79,496,"MNG",2
"Montenegro",75,79,499,"MNE",8
"Morocco",75,79,504,"MAR",152
"Mozambique",75,79,508,"MOZ",25
"Myanmar",75,79,104,"MMR",256
"Namibia",75,79,516,"NAM",4
"Nepal",75,79,524,"NPL",49
"New Caledonia",75,79,540,"NCL",3
"New Zealand",75,79,554,"NZL",198
"Nicaragua",75,79,558,"NIC",11
"Niger",75,79,562,"NER",6
"Nigeria",75,79,566,"NGA",174
"North Macedonia",75,79,807,"MKD",45
"Norway",75,79,578,"NOR",258
"Oman",75,79,512,"OMN",6
"Pakistan",75,79,586,"PAK",252
"Panama",75,79,591,"PAN",21
"Papua New Guinea",75,79,598,"PNG",19
"Paraguay",75,79,600,"PRY",21
"Peru",75,79,604,"PER",109
"Philippines",75,79,608,"PHL",607
"Poland",75,79,616,"POL",1295
"Portugal",75,79,620,"PRT",542
"Puerto Rico",75,79,630,"PRI",64
"Qatar",75,79,634,"QAT",2
"Republic of Moldova",75,79,498,"MDA",49
"Romania",75,79,642,"ROU",619
"Russian Federation",75,79,643,"RUS",2336
"Rwanda",75,79,646,"RWA",7
"Saint Lucia",75,79,662,"LCA",1
"Samoa",75,79,882,"WSM",1
"Sao Tome and Principe",75,79,678,"STP",0
"Saudi Arabia",75,79,682,"SAU",58
"Senegal",75,79,686,"SEN",16
"Serbia",75,79,688,"SRB",312
"Sierra Leone",75,79,694,"SLE",0
"Singapore",75,79,702,"SGP",123
"Slovakia",75,79,703,"SVK",208
"Slovenia",75,79,705,"SVN",79
"Solomon Islands",75,79,90,"SLB",0
"Somalia",75,79,706,"SOM",16
"South Africa",75,79,710,"ZAF",287
"South Sudan",75,79,728,"SSD",10
"Spain",75,79,724,"ESP",1833
"Sri Lanka",75,79,144,"LKA",149
"Sudan",75,79,729,"SDN",64
"Suriname",75,79,740,"SUR",2
"Sweden",75,79,752,"SWE",433
"Switzerland",75,79,756,"CHE",250
"Syrian Arab Republic",75,79,760,"SYR",66
"Tajikistan",75,79,762,"TJK",10
"Tanzania, United Republic of",75,79,834,"TZA",91
"Thailand",75,79,764,"THA",939
"The Netherlands",75,79,528,"NLD",839
"The Republic of the Gambia",75,79,270,"GMB",3
"Timor-Leste",75,79,626,"TLS",3
"Togo",75,79,768,"TGO",7
"Total",75,79,NA,"",80275
"Trinidad and Tobago",75,79,780,"TTO",14
"Tunisia",75,79,788,"TUN",62
"Türkiye",75,79,792,"TUR",771
"Turkmenistan",75,79,795,"TKM",8
"Uganda",75,79,800,"UGA",27
"Ukraine",75,79,804,"UKR",812
"United Arab Emirates",75,79,784,"ARE",12
"United Kingdom",75,79,826,"GBR",2561
"United States of America",75,79,840,"USA",3692
"Uruguay",75,79,858,"URY",79
"Uzbekistan",75,79,860,"UZB",58
"Vanuatu",75,79,548,"VUT",0
"Venezuela",75,79,862,"VEN",132
"Viet Nam",75,79,704,"VNM",589
"Yemen",75,79,887,"YEM",33
"Zambia",75,79,894,"ZMB",13
"Zimbabwe",75,79,716,"ZWE",29
"Afghanistan",80,84,4,"AFG",16
"Albania",80,84,8,"ALB",19
"Algeria",80,84,12,"DZA",174
"Angola",80,84,24,"AGO",0
"Argentina",80,84,32,"ARG",247
"Armenia",80,84,51,"ARM",25
"Australia",80,84,36,"AUS",418
"Austria",80,84,40,"AUT",167
"Azerbaijan",80,84,31,"AZE",22
"Bahamas",80,84,44,"BHS",0
"Bahrain",80,84,48,"BHR",2
"Bangladesh",80,84,50,"BGD",140
"Barbados",80,84,52,"BRB",6
"Belarus",80,84,112,"BLR",186
"Belgium",80,84,56,"BEL",216
"Belize",80,84,84,"BLZ",0
"Benin",80,84,204,"BEN",13
"Bhutan",80,84,64,"BTN",1
"Bolivia (Plurinational State of)",80,84,68,"BOL",3
"Bosnia Herzegovina",80,84,70,"BIH",65
"Botswana",80,84,72,"BWA",0
"Brazil",80,84,76,"BRA",1998
"Brunei Darussalam",80,84,96,"BRN",3
"Bulgaria",80,84,100,"BGR",148
"Burkina Faso",80,84,854,"BFA",0
"Burundi",80,84,108,"BDI",6
"Cambodia",80,84,116,"KHM",48
"Cameroon",80,84,120,"CMR",12
"Canada",80,84,124,"CAN",572
"Cape Verde",80,84,132,"CPV",0
"Central African Republic",80,84,140,"CAF",2
"Chad",80,84,148,"TCD",0
"Chile",80,84,152,"CHL",182
"China",80,84,156,"CHN",18794
"Colombia",80,84,170,"COL",215
"Comoros",80,84,174,"COM",0
"Congo, Democratic Republic of",80,84,180,"COD",62
"Congo, Republic of",80,84,178,"COG",1
"Costa Rica",80,84,188,"CRI",29
"Côte d'Ivoire",80,84,384,"CIV",10
"Croatia",80,84,191,"HRV",163
"Cuba",80,84,192,"CUB",81
"Cyprus",80,84,196,"CYP",19
"Czechia",80,84,203,"CZE",239
"Denmark",80,84,208,"DNK",212
"Djibouti",80,84,262,"DJI",0
"Dominican Republic",80,84,214,"DOM",11
"Ecuador",80,84,218,"ECU",51
"Egypt",80,84,818,"EGY",44
"El Salvador",80,84,222,"SLV",8
"Equatorial Guinea",80,84,226,"GNQ",0
"Eritrea",80,84,232,"ERI",4
"Estonia",80,84,233,"EST",54
"Eswatini",80,84,748,"SWZ",0
"Ethiopia",80,84,231,"ETH",67
"Fiji",80,84,242,"FJI",2
"Finland",80,84,246,"FIN",169
"France (metropolitan)",80,84,250,"FRA",1696
"France, Guadeloupe",80,84,312,"GLP",4
"France, La Réunion",80,84,638,"REU",9
"France, Martinique",80,84,474,"MTQ",6
"French Guyana",80,84,254,"GUF",1
"French Polynesia",80,84,258,"PYF",2
"Gabon",80,84,266,"GAB",1
"Gaza Strip and West Bank",80,84,275,"PSE",9
"Georgia",80,84,268,"GEO",57
"Germany",80,84,276,"DEU",3390
"Ghana",80,84,288,"GHA",11
"Greece",80,84,300,"GRC",156
"Guam",80,84,316,"GUM",1
"Guatemala",80,84,320,"GTM",6
"Guinea",80,84,324,"GIN",4
"Guinea-Bissau",80,84,624,"GNB",0
"Guyana",80,84,328,"GUY",1
"Haiti",80,84,332,"HTI",4
"Honduras",80,84,340,"HND",10
"Hungary",80,84,348,"HUN",269
"Iceland",80,84,352,"ISL",7
"India",80,84,356,"IND",1270
"Indonesia",80,84,360,"IDN",841
"Iran, Islamic Republic of",80,84,364,"IRN",158
"Iraq",80,84,368,"IRQ",34
"Ireland",80,84,372,"IRL",122
"Israel",80,84,376,"ISR",48
"Italy",80,84,380,"ITA",2130
"Jamaica",80,84,388,"JAM",12
"Japan",80,84,392,"JPN",5835
"Jordan",80,84,400,"JOR",13
"Kazakhstan",80,84,398,"KAZ",98
"Kenya",80,84,404,"KEN",36
"Korea, Democratic People Republic of",80,84,408,"PRK",256
"Korea, Republic of",80,84,410,"KOR",945
"Kuwait",80,84,414,"KWT",3
"Kyrgyzstan",80,84,417,"KGZ",12
"Lao People's Democratic Republic",80,84,418,"LAO",17
"Latvia",80,84,428,"LVA",65
"Lebanon",80,84,422,"LBN",13
"Lesotho",80,84,426,"LSO",2
"Liberia",80,84,430,"LBR",2
"Libya",80,84,434,"LBY",32
"Lithuania",80,84,440,"LTU",72
"Luxembourg",80,84,442,"LUX",9
"Madagascar",80,84,450,"MDG",27
"Malawi",80,84,454,"MWI",9
"Malaysia",80,84,458,"MYS",182
"Maldives",80,84,462,"MDV",1
"Mali",80,84,466,"MLI",13
"Malta",80,84,470,"MLT",9
"Mauritania",80,84,478,"MRT",2
"Mauritius",80,84,480,"MUS",6
"Mexico",80,84,484,"MEX",187
"Mongolia",80,84,496,"MNG",4
"Montenegro",80,84,499,"MNE",7
"Morocco",80,84,504,"MAR",109
"Mozambique",80,84,508,"MOZ",14
"Myanmar",80,84,104,"MMR",172
"Namibia",80,84,516,"NAM",3
"Nepal",80,84,524,"NPL",33
"New Caledonia",80,84,540,"NCL",3
"New Zealand",80,84,554,"NZL",136
"Nicaragua",80,84,558,"NIC",11
"Niger",80,84,562,"NER",3
"Nigeria",80,84,566,"NGA",72
"North Macedonia",80,84,807,"MKD",27
"Norway",80,84,578,"NOR",158
"Oman",80,84,512,"OMN",5
"Pakistan",80,84,586,"PAK",162
"Panama",80,84,591,"PAN",15
"Papua New Guinea",80,84,598,"PNG",15
"Paraguay",80,84,600,"PRY",14
"Peru",80,84,604,"PER",97
"Philippines",80,84,608,"PHL",363
"Poland",80,84,616,"POL",995
"Portugal",80,84,620,"PRT",438
"Puerto Rico",80,84,630,"PRI",42
"Qatar",80,84,634,"QAT",1
"Republic of Moldova",80,84,498,"MDA",34
"Romania",80,84,642,"ROU",463
"Russian Federation",80,84,643,"RUS",2422
"Rwanda",80,84,646,"RWA",4
"Saint Lucia",80,84,662,"LCA",1
"Samoa",80,84,882,"WSM",1
"Sao Tome and Principe",80,84,678,"STP",0
"Saudi Arabia",80,84,682,"SAU",39
"Senegal",80,84,686,"SEN",11
"Serbia",80,84,688,"SRB",211
"Sierra Leone",80,84,694,"SLE",0
"Singapore",80,84,702,"SGP",90
"Slovakia",80,84,703,"SVK",140
"Slovenia",80,84,705,"SVN",69
"Solomon Islands",80,84,90,"SLB",0
"Somalia",80,84,706,"SOM",8
"South Africa",80,84,710,"ZAF",166
"South Sudan",80,84,728,"SSD",6
"Spain",80,84,724,"ESP",1198
"Sri Lanka",80,84,144,"LKA",76
"Sudan",80,84,729,"SDN",41
"Suriname",80,84,740,"SUR",2
"Sweden",80,84,752,"SWE",273
"Switzerland",80,84,756,"CHE",180
"Syrian Arab Republic",80,84,760,"SYR",60
"Tajikistan",80,84,762,"TJK",9
"Tanzania, United Republic of",80,84,834,"TZA",52
"Thailand",80,84,764,"THA",670
"The Netherlands",80,84,528,"NLD",505
"The Republic of the Gambia",80,84,270,"GMB",1
"Timor-Leste",80,84,626,"TLS",2
"Togo",80,84,768,"TGO",4
"Total",80,84,NA,"",58681
"Trinidad and Tobago",80,84,780,"TTO",8
"Tunisia",80,84,788,"TUN",51
"Türkiye",80,84,792,"TUR",502
"Turkmenistan",80,84,795,"TKM",6
"Uganda",80,84,800,"UGA",12
"Ukraine",80,84,804,"UKR",712
"United Arab Emirates",80,84,784,"ARE",6
"United Kingdom",80,84,826,"GBR",1851
"United States of America",80,84,840,"USA",2224
"Uruguay",80,84,858,"URY",61
"Uzbekistan",80,84,860,"UZB",34
"Vanuatu",80,84,548,"VUT",0
"Venezuela",80,84,862,"VEN",82
"Viet Nam",80,84,704,"VNM",419
"Yemen",80,84,887,"YEM",17
"Zambia",80,84,894,"ZMB",8
"Zimbabwe",80,84,716,"ZWE",20
"Afghanistan",85,999,4,"AFG",7
"Albania",85,999,8,"ALB",13
"Algeria",85,999,12,"DZA",144
"Angola",85,999,24,"AGO",0
"Argentina",85,999,32,"ARG",238
"Armenia",85,999,51,"ARM",16
"Australia",85,999,36,"AUS",442
"Austria",85,999,40,"AUT",118
"Azerbaijan",85,999,31,"AZE",16
"Bahamas",85,999,44,"BHS",2
"Bahrain",85,999,48,"BHR",0
"Bangladesh",85,999,50,"BGD",116
"Barbados",85,999,52,"BRB",4
"Belarus",85,999,112,"BLR",124
"Belgium",85,999,56,"BEL",241
"Belize",85,999,84,"BLZ",0
"Benin",85,999,204,"BEN",9
"Bhutan",85,999,64,"BTN",1
"Bolivia (Plurinational State of)",85,999,68,"BOL",10
"Bosnia Herzegovina",85,999,70,"BIH",44
"Botswana",85,999,72,"BWA",0
"Brazil",85,999,76,"BRA",2115
"Brunei Darussalam",85,999,96,"BRN",3
"Bulgaria",85,999,100,"BGR",92
"Burkina Faso",85,999,854,"BFA",0
"Burundi",85,999,108,"BDI",4
"Cambodia",85,999,116,"KHM",33
"Cameroon",85,999,120,"CMR",6
"Canada",85,999,124,"CAN",620
"Cape Verde",85,999,132,"CPV",0
"Central African Republic",85,999,140,"CAF",1
"Chad",85,999,148,"TCD",0
"Chile",85,999,152,"CHL",190
"China",85,999,156,"CHN",13371
"Colombia",85,999,170,"COL",208
"Comoros",85,999,174,"COM",0
"Congo, Democratic Republic of",85,999,180,"COD",34
"Congo, Republic of",85,999,178,"COG",0
"Costa Rica",85,999,188,"CRI",31
"Côte d'Ivoire",85,999,384,"CIV",4
"Croatia",85,999,191,"HRV",127
"Cuba",85,999,192,"CUB",78
"Cyprus",85,999,196,"CYP",19
"Czechia",85,999,203,"CZE",173
"Denmark",85,999,208,"DNK",160
"Djibouti",85,999,262,"DJI",0
"Dominican Republic",85,999,214,"DOM",10
"Ecuador",85,999,218,"ECU",55
"Egypt",85,999,818,"EGY",30
"El Salvador",85,999,222,"SLV",10
"Equatorial Guinea",85,999,226,"GNQ",0
"Eritrea",85,999,232,"ERI",2
"Estonia",85,999,233,"EST",49
"Eswatini",85,999,748,"SWZ",0
"Ethiopia",85,999,231,"ETH",38
"Fiji",85,999,242,"FJI",3
"Finland",85,999,246,"FIN",163
"France (metropolitan)",85,999,250,"FRA",2142
"France, Guadeloupe",85,999,312,"GLP",3
"France, La Réunion",85,999,638,"REU",8
"France, Martinique",85,999,474,"MTQ",8
"French Guyana",85,999,254,"GUF",0
"French Polynesia",85,999,258,"PYF",2
"Gabon",85,999,266,"GAB",0
"Gaza Strip and West Bank",85,999,275,"PSE",5
"Georgia",85,999,268,"GEO",39
"Germany",85,999,276,"DEU",2957
"Ghana",85,999,288,"GHA",5
"Greece",85,999,300,"GRC",154
"Guam",85,999,316,"GUM",0
"Guatemala",85,999,320,"GTM",10
"Guinea",85,999,324,"GIN",2
"Guinea-Bissau",85,999,624,"GNB",0
"Guyana",85,999,328,"GUY",1
"Haiti",85,999,332,"HTI",8
"Honduras",85,999,340,"HND",10
"Hungary",85,999,348,"HUN",191
"Iceland",85,999,352,"ISL",5
"India",85,999,356,"IND",784
"Indonesia",85,999,360,"IDN",539
"Iran, Islamic Republic of",85,999,364,"IRN",114
"Iraq",85,999,368,"IRQ",20
"Ireland",85,999,372,"IRL",148
"Israel",85,999,376,"ISR",70
"Italy",85,999,380,"ITA",2137
"Jamaica",85,999,388,"JAM",10
"Japan",85,999,392,"JPN",7085
"Jordan",85,999,400,"JOR",8
"Kazakhstan",85,999,398,"KAZ",48
"Kenya",85,999,404,"KEN",28
"Korea, Democratic People Republic of",85,999,408,"PRK",110
"Korea, Republic of",85,999,410,"KOR",789
"Kuwait",85,999,414,"KWT",1
"Kyrgyzstan",85,999,417,"KGZ",14
"Lao People's Democratic Republic",85,999,418,"LAO",10
"Latvia",85,999,428,"LVA",50
"Lebanon",85,999,422,"LBN",13
"Lesotho",85,999,426,"LSO",1
"Liberia",85,999,430,"LBR",1
"Libya",85,999,434,"LBY",25
"Lithuania",85,999,440,"LTU",66
"Luxembourg",85,999,442,"LUX",14
"Madagascar",85,999,450,"MDG",18
"Malawi",85,999,454,"MWI",4
"Malaysia",85,999,458,"MYS",163
"Maldives",85,999,462,"MDV",1
"Mali",85,999,466,"MLI",5
"Malta",85,999,470,"MLT",12
"Mauritania",85,999,478,"MRT",2
"Mauritius",85,999,480,"MUS",5
"Mexico",85,999,484,"MEX",165
"Mongolia",85,999,496,"MNG",1
"Montenegro",85,999,499,"MNE",5
"Morocco",85,999,504,"MAR",60
"Mozambique",85,999,508,"MOZ",7
"Myanmar",85,999,104,"MMR",114
"Namibia",85,999,516,"NAM",1
"Nepal",85,999,524,"NPL",18
"New Caledonia",85,999,540,"NCL",3
"New Zealand",85,999,554,"NZL",130
"Nicaragua",85,999,558,"NIC",12
"Niger",85,999,562,"NER",1
"Nigeria",85,999,566,"NGA",22
"North Macedonia",85,999,807,"MKD",15
"Norway",85,999,578,"NOR",146
"Oman",85,999,512,"OMN",4
"Pakistan",85,999,586,"PAK",96
"Panama",85,999,591,"PAN",16
"Papua New Guinea",85,999,598,"PNG",11
"Paraguay",85,999,600,"PRY",12
"Peru",85,999,604,"PER",100
"Philippines",85,999,608,"PHL",246
"Poland",85,999,616,"POL",975
"Portugal",85,999,620,"PRT",445
"Puerto Rico",85,999,630,"PRI",41
"Qatar",85,999,634,"QAT",1
"Republic of Moldova",85,999,498,"MDA",16
"Romania",85,999,642,"ROU",353
"Russian Federation",85,999,643,"RUS",1484
"Rwanda",85,999,646,"RWA",3
"Saint Lucia",85,999,662,"LCA",0
"Samoa",85,999,882,"WSM",0
"Sao Tome and Principe",85,999,678,"STP",0
"Saudi Arabia",85,999,682,"SAU",27
"Senegal",85,999,686,"SEN",6
"Serbia",85,999,688,"SRB",139
"Sierra Leone",85,999,694,"SLE",1
"Singapore",85,999,702,"SGP",104
"Slovakia",85,999,703,"SVK",109
"Slovenia",85,999,705,"SVN",63
"Solomon Islands",85,999,90,"SLB",1
"Somalia",85,999,706,"SOM",5
"South Africa",85,999,710,"ZAF",78
"South Sudan",85,999,728,"SSD",3
"Spain",85,999,724,"ESP",1283
"Sri Lanka",85,999,144,"LKA",54
"Sudan",85,999,729,"SDN",28
"Suriname",85,999,740,"SUR",1
"Sweden",85,999,752,"SWE",230
"Switzerland",85,999,756,"CHE",172
"Syrian Arab Republic",85,999,760,"SYR",67
"Tajikistan",85,999,762,"TJK",7
"Tanzania, United Republic of",85,999,834,"TZA",24
"Thailand",85,999,764,"THA",597
"The Netherlands",85,999,528,"NLD",365
"The Republic of the Gambia",85,999,270,"GMB",0
"Timor-Leste",85,999,626,"TLS",2
"Togo",85,999,768,"TGO",2
"Total",85,999,NA,"",50412
"Trinidad and Tobago",85,999,780,"TTO",5
"Tunisia",85,999,788,"TUN",45
"Türkiye",85,999,792,"TUR",354
"Turkmenistan",85,999,795,"TKM",5
"Uganda",85,999,800,"UGA",5
"Ukraine",85,999,804,"UKR",285
"United Arab Emirates",85,999,784,"ARE",4
"United Kingdom",85,999,826,"GBR",2044
"United States of America",85,999,840,"USA",2108
"Uruguay",85,999,858,"URY",76
"Uzbekistan",85,999,860,"UZB",14
"Vanuatu",85,999,548,"VUT",0
"Venezuela",85,999,862,"VEN",74
"Viet Nam",85,999,704,"VNM",481
"Yemen",85,999,887,"YEM",9
"Zambia",85,999,894,"ZMB",3
"Zimbabwe",85,999,716,"ZWE",10
